problem.name;solver.name;randomGenerator.seed;n.iterations;n.evals;n.births;elapsed.secs;all→size;firsts→size;lasts→size;all→each[genotype]→uniqueness;all→each[solution]→uniqueness;all→each[quality]→uniqueness;"all→percentile[quality→privacy;100]→quality→privacy";"all→percentile[quality→privacy;100]→quality→results-similarity";"all→percentile[quality→privacy;100]→solution";"all→percentile[quality→results-similarity;100]→quality→privacy";"all→percentile[quality→results-similarity;100]→quality→results-similarity";"all→percentile[quality→results-similarity;100]→solution";"all→percentile[quality→privacy;75]→quality→privacy";"all→percentile[quality→privacy;75]→quality→results-similarity";"all→percentile[quality→privacy;75]→solution";"all→percentile[quality→results-similarity;75]→quality→privacy";"all→percentile[quality→results-similarity;75]→quality→results-similarity";"all→percentile[quality→results-similarity;75]→solution"
datasets/airQuality_parallel.csv;nsga2;1;1;100;100;5.70200e+00;100;4;83;1.00000e+00;1.00000e+00;1.40000e-01;8.38116e-01;9.36567e-01;Pipeline { filter(RH > 0.0000) };5.84076e-01;1.00000e+00;Pipeline { filter(NO2(GT) > 66.9000) };0.00000e+00;0.00000e+00;Pipeline { filter(PT08.S3(NOx) < 96.5000) | filter(PT08.S4(NO2) > 43.3000) | filter(C6H6(GT) > 4.7100) | filter(PT08.S1(CO) < 336.0000) | filter(CO(GT) < 0.0000) | filter(RH > 0.0000) };0.00000e+00;0.00000e+00;Pipeline { filter(PT08.S4(NO2) < 578.0000) | filter(NOx(GT) < 0.6130) | filter(PT08.S2(NMHC) > 0.0022) | filter(NMHC(GT) > 40.1000) }
datasets/airQuality_parallel.csv;nsga2;1;2;200;200;8.56200e+00;100;10;65;1.00000e+00;1.00000e+00;1.70000e-01;8.38116e-01;9.36567e-01;Pipeline { filter(PT08.S5(O3) > 17.6000) };5.84076e-01;1.00000e+00;Pipeline { filter(NO2(GT) > 66.9000) };8.54353e-02;2.13166e-01;Pipeline { filter(NMHC(GT) > 0.0001) };8.24707e-02;2.13166e-01;Pipeline { filter(NMHC(GT) < 8370000000.0000) | filter(PT08.S4(NO2) > 3.1800) | filter(NMHC(GT) > 9.5100) }
datasets/airQuality_parallel.csv;nsga2;1;3;300;300;1.09080e+01;100;22;18;1.00000e+00;1.00000e+00;2.80000e-01;8.38116e-01;9.36567e-01;Pipeline { filter(PT08.S3(NOx) < 24500000.0000) };5.84076e-01;1.00000e+00;Pipeline { filter(NO2(GT) > 66.9000) };8.36811e-01;9.36567e-01;Pipeline { filter(T > 0.0001) };8.33150e-01;9.36567e-01;Pipeline { filter(PT08.S2(NMHC) > 0.0037) | filter(C6H6(GT) > 0.5490) }
datasets/airQuality_parallel.csv;nsga2;1;4;400;400;1.35120e+01;100;54;1;1.00000e+00;1.00000e+00;1.70000e-01;8.38116e-01;9.36567e-01;Pipeline { filter(AH > 0.0000) };6.03107e-01;1.00000e+00;Pipeline { filter(NOx(GT) > 66.9000) };8.38116e-01;9.36567e-01;Pipeline { filter(PT08.S2(NMHC) > 0.4200) };7.11560e-01;1.00000e+00;Pipeline { filter(NOx(GT) > 0.0000) }
datasets/airQuality_parallel.csv;nsga2;1;5;500;500;1.60150e+01;100;100;100;1.00000e+00;9.90000e-01;2.00000e-02;8.38116e-01;9.36567e-01;Pipeline { filter(PT08.S5(O3) > 0.0000) | filter(PT08.S4(NO2) > 8.8000) | filter(C6H6(GT) < 422000.0000) | filter(RH > 4.0500) };7.11560e-01;1.00000e+00;Pipeline { filter(NOx(GT) > 0.0000) };8.38116e-01;9.36567e-01;Pipeline { filter(AH < 3600000.0000) };8.38116e-01;9.36567e-01;Pipeline { filter(C6H6(GT) < 3600000.0000) }
datasets/airQuality_parallel.csv;nsga2;1;6;600;600;1.85350e+01;100;100;100;1.00000e+00;1.00000e+00;2.00000e-02;8.38116e-01;9.36567e-01;Pipeline { filter(C6H6(GT) < 88500.0000) };7.11560e-01;1.00000e+00;Pipeline { filter(NOx(GT) > 0.0000) };8.38116e-01;9.36567e-01;Pipeline { filter(T < 2310000.0000) };8.38116e-01;9.36567e-01;Pipeline { filter(PT08.S1(CO) > 0.0046) }
datasets/airQuality_parallel.csv;nsga2;1;7;700;700;2.07960e+01;100;100;100;1.00000e+00;1.00000e+00;2.00000e-02;8.38116e-01;9.36567e-01;Pipeline { filter(PT08.S2(NMHC) < 300000.0000) };7.11560e-01;1.00000e+00;Pipeline { filter(NOx(GT) > 0.0000) };8.38116e-01;9.36567e-01;Pipeline { filter(C6H6(GT) > 0.0006) };8.38116e-01;9.36567e-01;Pipeline { filter(RH < 88600.0000) }
datasets/airQuality_parallel.csv;nsga2;1;8;800;800;2.31750e+01;100;100;100;1.00000e+00;9.90000e-01;2.00000e-02;8.38116e-01;9.36567e-01;Pipeline { filter(AH < 20.8000) };7.11560e-01;1.00000e+00;Pipeline { filter(NOx(GT) > 0.0000) };8.38116e-01;9.36567e-01;Pipeline { filter(PT08.S5(O3) > 0.0000) };8.38116e-01;9.36567e-01;Pipeline { filter(AH < 390000.0000) }
datasets/airQuality_parallel.csv;nsga2;1;9;900;900;2.54760e+01;100;100;100;1.00000e+00;9.90000e-01;2.00000e-02;8.38116e-01;9.36567e-01;Pipeline { filter(C6H6(GT) < 70.3000) };7.11560e-01;1.00000e+00;Pipeline { filter(NOx(GT) > 0.0000) };8.38116e-01;9.36567e-01;Pipeline { filter(PT08.S2(NMHC) > 0.0037) | filter(PT08.S5(O3) > 0.0013) };8.38116e-01;9.36567e-01;Pipeline { filter(PT08.S5(O3) > 0.0000) }
datasets/airQuality_parallel.csv;nsga2;1;10;1000;1000;2.79140e+01;100;100;100;1.00000e+00;9.90000e-01;2.00000e-02;8.38116e-01;9.36567e-01;Pipeline { filter(PT08.S3(NOx) < 4200.0000) };7.11560e-01;1.00000e+00;Pipeline { filter(NOx(GT) > 0.0000) };8.38116e-01;9.36567e-01;Pipeline { filter(PT08.S5(O3) < 129000.0000) };8.38116e-01;9.36567e-01;Pipeline { filter(PT08.S2(NMHC) > 0.0000) }
datasets/airQuality_parallel.csv;nsga2;1;11;1100;1100;3.03160e+01;100;100;100;1.00000e+00;1.00000e+00;2.00000e-02;8.38116e-01;9.36567e-01;Pipeline { filter(PT08.S2(NMHC) < 3550000000.0000) };7.11560e-01;1.00000e+00;Pipeline { filter(NOx(GT) > 0.0000) };8.38116e-01;9.36567e-01;Pipeline { filter(AH < 27.8000) };8.38116e-01;9.36567e-01;Pipeline { filter(PT08.S2(NMHC) > 0.0037) | filter(PT08.S3(NOx) > 0.0013) }
datasets/airQuality_parallel.csv;nsga2;1;12;1200;1200;3.26200e+01;100;100;100;1.00000e+00;9.90000e-01;3.00000e-02;8.41970e-01;7.71784e-01;Pipeline { filter(PT08.S3(NOx) > 387.0000) };7.11560e-01;1.00000e+00;Pipeline { filter(NOx(GT) > 0.0000) };8.38116e-01;9.36567e-01;Pipeline { filter(PT08.S2(NMHC) > 29.1000) };8.38116e-01;9.36567e-01;Pipeline { filter(AH < 360000000.0000) }
datasets/airQuality_parallel.csv;nsga2;1;13;1300;1300;3.55470e+01;100;100;100;1.00000e+00;1.00000e+00;4.00000e-02;8.41970e-01;7.71784e-01;Pipeline { filter(PT08.S3(NOx) > 387.0000) };7.11560e-01;1.00000e+00;Pipeline { filter(NOx(GT) > 0.0000) };8.38116e-01;9.36567e-01;Pipeline { filter(C6H6(GT) > 0.0000) };8.38116e-01;9.36567e-01;Pipeline { filter(C6H6(GT) > 0.0000) }
datasets/airQuality_parallel.csv;nsga2;1;14;1400;1400;3.81720e+01;100;100;100;1.00000e+00;1.00000e+00;4.00000e-02;8.41970e-01;7.71784e-01;Pipeline { filter(PT08.S3(NOx) > 387.0000) };7.11560e-01;1.00000e+00;Pipeline { filter(NOx(GT) > 0.0000) };8.38116e-01;9.36567e-01;Pipeline { filter(AH < 63.1000) };8.38116e-01;9.36567e-01;Pipeline { filter(AH < 63.1000) }
datasets/airQuality_parallel.csv;nsga2;1;15;1500;1500;4.06160e+01;100;100;100;1.00000e+00;1.00000e+00;4.00000e-02;8.41970e-01;7.71784e-01;Pipeline { filter(PT08.S3(NOx) > 387.0000) };7.11560e-01;1.00000e+00;Pipeline { filter(NOx(GT) > 0.0000) };8.38116e-01;9.36567e-01;Pipeline { filter(PT08.S5(O3) > 0.0046) };8.38116e-01;9.36567e-01;Pipeline { filter(PT08.S5(O3) > 0.0046) }
datasets/airQuality_parallel.csv;nsga2;1;16;1600;1600;4.31070e+01;100;100;100;1.00000e+00;1.00000e+00;4.00000e-02;8.41970e-01;7.71784e-01;Pipeline { filter(PT08.S3(NOx) > 387.0000) };7.11560e-01;1.00000e+00;Pipeline { filter(NOx(GT) > 0.0000) };8.38116e-01;9.36567e-01;Pipeline { filter(PT08.S1(CO) < 5170000000.0000) };8.38116e-01;9.36567e-01;Pipeline { filter(PT08.S1(CO) < 5170000000.0000) }
datasets/airQuality_parallel.csv;nsga2;1;17;1700;1700;4.54220e+01;100;100;100;1.00000e+00;1.00000e+00;4.00000e-02;8.41970e-01;7.71784e-01;Pipeline { filter(PT08.S3(NOx) > 387.0000) };7.11560e-01;1.00000e+00;Pipeline { filter(NOx(GT) > 0.0000) };8.38116e-01;9.36567e-01;Pipeline { filter(AH < 79300000.0000) };8.38116e-01;9.36567e-01;Pipeline { filter(AH < 79300000.0000) }
datasets/airQuality_parallel.csv;nsga2;1;18;1800;1800;4.76700e+01;100;100;100;1.00000e+00;1.00000e+00;4.00000e-02;8.41970e-01;7.71784e-01;Pipeline { filter(PT08.S3(NOx) > 387.0000) };7.11560e-01;1.00000e+00;Pipeline { filter(NOx(GT) > 0.0000) };8.38116e-01;9.36567e-01;Pipeline { filter(C6H6(GT) > 0.0000) };8.38116e-01;9.36567e-01;Pipeline { filter(C6H6(GT) > 0.0000) }
datasets/airQuality_parallel.csv;nsga2;1;19;1900;1900;5.00960e+01;100;100;100;1.00000e+00;1.00000e+00;4.00000e-02;8.41970e-01;7.71784e-01;Pipeline { filter(PT08.S3(NOx) > 387.0000) };7.11560e-01;1.00000e+00;Pipeline { filter(NOx(GT) > 0.0000) };8.38116e-01;9.36567e-01;Pipeline { filter(PT08.S3(NOx) > 0.0000) };8.38116e-01;9.36567e-01;Pipeline { filter(PT08.S3(NOx) > 0.0000) }
datasets/airQuality_parallel.csv;nsga2;1;20;2000;2000;5.25670e+01;100;100;100;1.00000e+00;1.00000e+00;4.00000e-02;8.41970e-01;7.71784e-01;Pipeline { filter(PT08.S3(NOx) > 387.0000) };7.11560e-01;1.00000e+00;Pipeline { filter(NOx(GT) > 0.0000) };8.38116e-01;9.36567e-01;Pipeline { filter(PT08.S4(NO2) > 0.0000) };8.38116e-01;9.36567e-01;Pipeline { filter(AH < 331.0000) }
datasets/airQuality_parallel.csv;nsga2;1;21;2100;2100;5.49650e+01;100;100;100;1.00000e+00;1.00000e+00;5.00000e-02;8.41970e-01;7.71784e-01;Pipeline { filter(PT08.S3(NOx) > 387.0000) };7.11560e-01;1.00000e+00;Pipeline { filter(NOx(GT) > 0.0000) };8.38116e-01;9.36567e-01;Pipeline { filter(PT08.S2(NMHC) > 0.9500) };8.38116e-01;9.36567e-01;Pipeline { filter(PT08.S5(O3) > 5.5500) }
datasets/airQuality_parallel.csv;nsga2;1;22;2200;2200;5.72530e+01;100;100;100;1.00000e+00;1.00000e+00;5.00000e-02;8.41970e-01;7.71784e-01;Pipeline { filter(PT08.S3(NOx) > 387.0000) };7.11560e-01;1.00000e+00;Pipeline { filter(NOx(GT) > 0.0000) };8.38116e-01;9.36567e-01;Pipeline { filter(AH > 0.0224) };8.38116e-01;9.36567e-01;Pipeline { filter(AH < 144.0000) }
datasets/airQuality_parallel.csv;nsga2;1;23;2300;2300;5.96310e+01;100;100;100;1.00000e+00;1.00000e+00;5.00000e-02;8.42025e-01;7.78468e-01;Pipeline { filter(PT08.S3(NOx) > 385.0000) };7.11560e-01;1.00000e+00;Pipeline { filter(NOx(GT) > 0.0000) };8.38116e-01;9.36567e-01;Pipeline { filter(C6H6(GT) < 45900000.0000) };8.38116e-01;9.36567e-01;Pipeline { filter(RH > 0.6500) }
datasets/airQuality_parallel.csv;nsga2;1;24;2400;2400;6.18440e+01;100;100;100;1.00000e+00;9.90000e-01;5.00000e-02;8.42025e-01;7.78468e-01;Pipeline { filter(PT08.S3(NOx) > 385.0000) };7.11560e-01;1.00000e+00;Pipeline { filter(NOx(GT) > 0.0000) };8.38116e-01;9.36567e-01;Pipeline { filter(PT08.S2(NMHC) > 61.2000) };8.38116e-01;9.36567e-01;Pipeline { filter(AH > 0.0088) }
datasets/airQuality_parallel.csv;nsga2;1;25;2500;2500;6.42410e+01;100;100;100;1.00000e+00;1.00000e+00;5.00000e-02;8.42025e-01;7.78468e-01;Pipeline { filter(PT08.S3(NOx) > 385.0000) };7.11560e-01;1.00000e+00;Pipeline { filter(NOx(GT) > 0.0000) };8.38116e-01;9.36567e-01;Pipeline { filter(PT08.S5(O3) > 4.0700) };8.38116e-01;9.36567e-01;Pipeline { filter(PT08.S1(CO) < 13600.0000) }
datasets/airQuality_parallel.csv;nsga2;1;26;2600;2600;6.68090e+01;100;100;100;1.00000e+00;9.90000e-01;5.00000e-02;8.42025e-01;7.78468e-01;Pipeline { filter(PT08.S3(NOx) > 385.0000) };7.11560e-01;1.00000e+00;Pipeline { filter(NOx(GT) > 0.0000) };8.38116e-01;9.36567e-01;Pipeline { filter(C6H6(GT) > 0.0000) };8.38116e-01;9.36567e-01;Pipeline { filter(PT08.S4(NO2) > 0.4130) }
datasets/airQuality_parallel.csv;nsga2;1;27;2700;2700;6.91680e+01;100;100;100;1.00000e+00;1.00000e+00;5.00000e-02;8.42025e-01;7.78468e-01;Pipeline { filter(PT08.S3(NOx) > 385.0000) };7.11560e-01;1.00000e+00;Pipeline { filter(NOx(GT) > 0.0000) };8.38116e-01;9.36567e-01;Pipeline { filter(AH < 7190000000.0000) };8.38116e-01;9.36567e-01;Pipeline { filter(PT08.S1(CO) < 3000.0000) }
datasets/airQuality_parallel.csv;nsga2;1;28;2800;2800;7.15090e+01;100;100;100;1.00000e+00;1.00000e+00;5.00000e-02;8.42025e-01;7.78468e-01;Pipeline { filter(PT08.S3(NOx) > 385.0000) };7.11560e-01;1.00000e+00;Pipeline { filter(NOx(GT) > 0.0000) };8.38116e-01;9.36567e-01;Pipeline { filter(AH > 0.0000) };8.38116e-01;9.36567e-01;Pipeline { filter(PT08.S4(NO2) > 0.2100) }
datasets/airQuality_parallel.csv;nsga2;1;29;2900;2900;7.42320e+01;100;100;100;1.00000e+00;1.00000e+00;5.00000e-02;8.42025e-01;7.78468e-01;Pipeline { filter(PT08.S3(NOx) > 385.0000) };7.11560e-01;1.00000e+00;Pipeline { filter(NOx(GT) > 0.0000) };8.38116e-01;9.36567e-01;Pipeline { filter(PT08.S1(CO) < 800000.0000) };8.38116e-01;9.36567e-01;Pipeline { filter(PT08.S1(CO) > 2.6700) }
datasets/airQuality_parallel.csv;nsga2;1;30;3000;3000;7.65140e+01;100;100;100;1.00000e+00;9.80000e-01;5.00000e-02;8.42025e-01;7.78468e-01;Pipeline { filter(PT08.S3(NOx) > 385.0000) };7.11560e-01;1.00000e+00;Pipeline { filter(NOx(GT) > 0.0000) };8.38116e-01;9.36567e-01;Pipeline { filter(PT08.S2(NMHC) > 0.0128) };8.38116e-01;9.36567e-01;Pipeline { filter(AH < 7960000000.0000) }
datasets/airQuality_parallel.csv;nsga2;1;31;3100;3100;7.91660e+01;100;100;100;1.00000e+00;1.00000e+00;5.00000e-02;8.42025e-01;7.78468e-01;Pipeline { filter(PT08.S3(NOx) > 385.0000) };7.11560e-01;1.00000e+00;Pipeline { filter(NOx(GT) > 0.0000) };8.38116e-01;9.36567e-01;Pipeline { filter(PT08.S5(O3) > 8.4400) };8.38116e-01;9.36567e-01;Pipeline { filter(PT08.S5(O3) > 0.0000) }
datasets/airQuality_parallel.csv;nsga2;1;32;3200;3200;8.14930e+01;100;100;100;1.00000e+00;1.00000e+00;5.00000e-02;8.42025e-01;7.78468e-01;Pipeline { filter(PT08.S3(NOx) > 385.0000) };7.11560e-01;1.00000e+00;Pipeline { filter(NOx(GT) > 0.0000) };8.38116e-01;9.36567e-01;Pipeline { filter(PT08.S5(O3) < 9230.0000) };8.38116e-01;9.36567e-01;Pipeline { filter(RH > 0.0349) }
datasets/airQuality_parallel.csv;nsga2;1;33;3300;3300;8.40010e+01;100;100;100;1.00000e+00;1.00000e+00;5.00000e-02;8.42025e-01;7.78468e-01;Pipeline { filter(PT08.S3(NOx) > 385.0000) };7.11560e-01;1.00000e+00;Pipeline { filter(NOx(GT) > 0.0000) };8.38116e-01;9.36567e-01;Pipeline { filter(PT08.S4(NO2) < 4940000000.0000) };8.38116e-01;9.36567e-01;Pipeline { filter(AH > 0.0000) }
datasets/airQuality_parallel.csv;nsga2;1;34;3400;3400;8.64330e+01;100;100;100;1.00000e+00;1.00000e+00;5.00000e-02;8.42025e-01;7.78468e-01;Pipeline { filter(PT08.S3(NOx) > 385.0000) };7.11560e-01;1.00000e+00;Pipeline { filter(NOx(GT) > 0.0000) };8.38116e-01;9.36567e-01;Pipeline { filter(AH < 1160000000.0000) };8.38116e-01;9.36567e-01;Pipeline { filter(PT08.S3(NOx) > 0.0001) }
datasets/airQuality_parallel.csv;nsga2;1;35;3500;3500;8.88460e+01;100;100;100;1.00000e+00;1.00000e+00;5.00000e-02;8.42025e-01;7.78468e-01;Pipeline { filter(PT08.S3(NOx) > 385.0000) };7.11560e-01;1.00000e+00;Pipeline { filter(NOx(GT) > 0.0000) };8.38116e-01;9.36567e-01;Pipeline { filter(AH > 0.0000) };8.38116e-01;9.36567e-01;Pipeline { filter(PT08.S3(NOx) < 8530000.0000) }
datasets/airQuality_parallel.csv;nsga2;1;36;3600;3600;9.11080e+01;100;100;100;1.00000e+00;1.00000e+00;5.00000e-02;8.42025e-01;7.78468e-01;Pipeline { filter(PT08.S3(NOx) > 385.0000) };7.11560e-01;1.00000e+00;Pipeline { filter(NOx(GT) > 0.0000) };8.38116e-01;9.36567e-01;Pipeline { filter(PT08.S4(NO2) > 0.0004) };8.38116e-01;9.36567e-01;Pipeline { filter(AH < 560000.0000) }
datasets/airQuality_parallel.csv;nsga2;1;37;3700;3700;9.33570e+01;100;100;100;1.00000e+00;9.90000e-01;5.00000e-02;8.42025e-01;7.78468e-01;Pipeline { filter(PT08.S3(NOx) > 385.0000) };7.11560e-01;1.00000e+00;Pipeline { filter(NOx(GT) > 0.0000) };8.38116e-01;9.36567e-01;Pipeline { filter(T < 7800000.0000) };8.38116e-01;9.36567e-01;Pipeline { filter(C6H6(GT) < 15800.0000) }
datasets/airQuality_parallel.csv;nsga2;1;38;3800;3800;9.57430e+01;100;100;100;1.00000e+00;1.00000e+00;6.00000e-02;8.42119e-01;7.76860e-01;Pipeline { filter(PT08.S3(NOx) > 384.0000) };7.11560e-01;1.00000e+00;Pipeline { filter(NOx(GT) > 0.0000) };8.38116e-01;9.36567e-01;Pipeline { filter(PT08.S4(NO2) > 66.0000) };8.38116e-01;9.36567e-01;Pipeline { filter(PT08.S3(NOx) < 426000.0000) }
datasets/airQuality_parallel.csv;nsga2;1;39;3900;3900;9.79680e+01;100;100;100;1.00000e+00;9.90000e-01;6.00000e-02;8.42119e-01;7.76860e-01;Pipeline { filter(PT08.S3(NOx) > 384.0000) };7.11560e-01;1.00000e+00;Pipeline { filter(NOx(GT) > 0.0000) };8.38116e-01;9.36567e-01;Pipeline { filter(AH > 0.0100) };8.38116e-01;9.36567e-01;Pipeline { filter(C6H6(GT) > 0.0010) }
datasets/airQuality_parallel.csv;nsga2;1;40;4000;4000;1.00311e+02;100;100;100;1.00000e+00;1.00000e+00;6.00000e-02;8.42119e-01;7.76860e-01;Pipeline { filter(PT08.S3(NOx) > 384.0000) };7.11560e-01;1.00000e+00;Pipeline { filter(NOx(GT) > 0.0000) };8.38116e-01;9.36567e-01;Pipeline { filter(PT08.S3(NOx) < 978000.0000) };8.38116e-01;9.36567e-01;Pipeline { filter(AH > 0.0000) }
datasets/airQuality_parallel.csv;nsga2;1;41;4100;4100;1.02493e+02;100;100;100;1.00000e+00;1.00000e+00;6.00000e-02;8.42119e-01;7.76860e-01;Pipeline { filter(PT08.S3(NOx) > 384.0000) };7.11560e-01;1.00000e+00;Pipeline { filter(NOx(GT) > 0.0000) };8.38116e-01;9.36567e-01;Pipeline { filter(PT08.S5(O3) > 2.8600) };8.38116e-01;9.36567e-01;Pipeline { filter(T < 6340.0000) }
datasets/airQuality_parallel.csv;nsga2;1;42;4200;4200;1.05191e+02;100;100;100;1.00000e+00;9.90000e-01;7.00000e-02;8.42119e-01;7.76860e-01;Pipeline { filter(PT08.S3(NOx) > 384.0000) };7.11560e-01;1.00000e+00;Pipeline { filter(NOx(GT) > 0.0000) };8.38116e-01;9.36567e-01;Pipeline { filter(PT08.S4(NO2) > 5.2300) };8.38116e-01;9.36567e-01;Pipeline { filter(RH < 94.0000) }
datasets/airQuality_parallel.csv;nsga2;1;43;4300;4300;1.07444e+02;100;100;100;1.00000e+00;9.90000e-01;7.00000e-02;8.42119e-01;7.76860e-01;Pipeline { filter(PT08.S3(NOx) > 384.0000) };7.11560e-01;1.00000e+00;Pipeline { filter(NOx(GT) > 0.0000) };8.38116e-01;9.36567e-01;Pipeline { filter(PT08.S5(O3) > 3.2800) };8.38116e-01;9.36567e-01;Pipeline { filter(RH < 94.1000) }
datasets/airQuality_parallel.csv;nsga2;1;44;4400;4400;1.10008e+02;100;100;100;1.00000e+00;1.00000e+00;7.00000e-02;8.42119e-01;7.76860e-01;Pipeline { filter(PT08.S3(NOx) > 384.0000) };7.11560e-01;1.00000e+00;Pipeline { filter(NOx(GT) > 0.0000) };8.38116e-01;9.36567e-01;Pipeline { filter(PT08.S1(CO) > 0.0000) };8.38116e-01;9.36567e-01;Pipeline { filter(PT08.S1(CO) > 0.0001) }
datasets/airQuality_parallel.csv;nsga2;1;45;4500;4500;1.12344e+02;100;100;100;1.00000e+00;1.00000e+00;7.00000e-02;8.42119e-01;7.76860e-01;Pipeline { filter(PT08.S3(NOx) > 384.0000) };7.11560e-01;1.00000e+00;Pipeline { filter(NOx(GT) > 0.0000) };8.38116e-01;9.36567e-01;Pipeline { filter(PT08.S5(O3) > 0.9100) };8.38116e-01;9.36567e-01;Pipeline { filter(PT08.S1(CO) > 0.0000) }
datasets/airQuality_parallel.csv;nsga2;1;46;4600;4600;1.14666e+02;100;100;100;1.00000e+00;1.00000e+00;7.00000e-02;8.42119e-01;7.76860e-01;Pipeline { filter(PT08.S3(NOx) > 384.0000) };7.11560e-01;1.00000e+00;Pipeline { filter(NOx(GT) > 0.0000) };8.38116e-01;9.36567e-01;Pipeline { filter(PT08.S1(CO) < 81000000.0000) };8.38116e-01;9.36567e-01;Pipeline { filter(PT08.S4(NO2) < 13100000.0000) }
datasets/airQuality_parallel.csv;nsga2;1;47;4700;4700;1.16998e+02;100;100;100;1.00000e+00;1.00000e+00;8.00000e-02;8.42119e-01;7.76860e-01;Pipeline { filter(PT08.S3(NOx) > 384.0000) };7.11560e-01;1.00000e+00;Pipeline { filter(NOx(GT) > 0.0000) };8.38116e-01;9.36567e-01;Pipeline { filter(PT08.S5(O3) > 0.0973) };8.38116e-01;9.36567e-01;Pipeline { filter(PT08.S1(CO) < 24100000.0000) }
datasets/airQuality_parallel.csv;nsga2;1;48;4800;4800;1.19353e+02;100;100;100;1.00000e+00;9.90000e-01;9.00000e-02;8.42119e-01;7.76860e-01;Pipeline { filter(PT08.S3(NOx) > 384.0000) };7.11560e-01;1.00000e+00;Pipeline { filter(NOx(GT) > 0.0000) };8.38116e-01;9.36567e-01;Pipeline { filter(T < 3600.0000) };8.38116e-01;9.36567e-01;Pipeline { filter(AH > 0.0000) }
datasets/airQuality_parallel.csv;nsga2;1;49;4900;4900;1.21848e+02;100;100;100;1.00000e+00;1.00000e+00;9.00000e-02;8.42119e-01;7.76860e-01;Pipeline { filter(PT08.S3(NOx) > 384.0000) };7.11560e-01;1.00000e+00;Pipeline { filter(NOx(GT) > 0.0000) };8.38116e-01;9.36567e-01;Pipeline { filter(C6H6(GT) < 7160.0000) };8.38116e-01;9.36567e-01;Pipeline { filter(C6H6(GT) < 42600.0000) }
datasets/airQuality_parallel.csv;nsga2;1;50;5000;5000;1.24019e+02;100;100;100;1.00000e+00;1.00000e+00;9.00000e-02;8.42119e-01;7.76860e-01;Pipeline { filter(PT08.S3(NOx) > 384.0000) };7.11560e-01;1.00000e+00;Pipeline { filter(NOx(GT) > 0.0000) };8.38116e-01;9.36567e-01;Pipeline { filter(AH > 0.0000) };8.38116e-01;9.36567e-01;Pipeline { filter(PT08.S3(NOx) > 0.0393) }
datasets/airQuality_parallel.csv;nsga2;2;1;100;100;2.53300e+00;100;4;83;1.00000e+00;1.00000e+00;1.40000e-01;8.38116e-01;9.36567e-01;Pipeline { filter(RH > 0.0000) };6.86543e-01;9.36567e-01;Pipeline { filter(AH > 0.0077) | filter(NOx(GT) < 40700000.0000) | filter(T < 37100000.0000) | filter(NOx(GT) < 96000.0000) | filter(PT08.S2(NMHC) > 0.0000) };0.00000e+00;0.00000e+00;Pipeline { filter(RH < 0.0084) | filter(PT08.S2(NMHC) > 0.0000) | filter(NO2(GT) < 79100000.0000) | filter(RH > 38.3000) | filter(RH > 241.0000) | filter(NMHC(GT) > 83300.0000) | filter(NMHC(GT) < 0.9710) };0.00000e+00;0.00000e+00;Pipeline { filter(NOx(GT) > 0.0000) | filter(PT08.S1(CO) > 0.0000) | filter(NO2(GT) > 5410000000.0000) }
datasets/airQuality_parallel.csv;nsga2;2;2;200;200;4.42600e+00;100;14;56;1.00000e+00;1.00000e+00;2.40000e-01;8.38116e-01;9.36567e-01;Pipeline { filter(T < 319000000.0000) };7.07174e-01;1.00000e+00;Pipeline { filter(CO(GT) < 2520.0000) };6.00855e-01;0.00000e+00;Pipeline { filter(PT08.S4(NO2) < 7340.0000) | filter(PT08.S2(NMHC) < 9380000000.0000) | filter(T < 919.0000) | filter(PT08.S5(O3) < 446000.0000) | filter(PT08.S3(NOx) < 9650.0000) | filter(NO2(GT) < 123000.0000) | filter(CO(GT) < 4.2200) | filter(PT08.S3(NOx) > 0.0000) | filter(CO(GT) < 953.0000) };6.85699e-01;3.86555e-01;Pipeline { filter(NOx(GT) < 631.0000) }
datasets/airQuality_parallel.csv;nsga2;2;3;300;300;6.95000e+00;100;35;5;1.00000e+00;1.00000e+00;3.40000e-01;8.38116e-01;9.36567e-01;Pipeline { filter(RH > 0.0073) };7.07174e-01;1.00000e+00;Pipeline { filter(CO(GT) < 189000.0000) };8.38116e-01;9.36567e-01;Pipeline { filter(PT08.S4(NO2) < 7250.0000) };8.38116e-01;9.36567e-01;Pipeline { filter(RH > 0.0073) }
datasets/airQuality_parallel.csv;nsga2;2;4;400;400;9.68700e+00;100;79;7;1.00000e+00;1.00000e+00;8.00000e-02;8.38116e-01;9.36567e-01;Pipeline { filter(PT08.S3(NOx) < 87000000.0000) };7.07174e-01;1.00000e+00;Pipeline { filter(CO(GT) < 2520.0000) };8.38116e-01;9.36567e-01;Pipeline { filter(RH > 0.0001) };8.36811e-01;9.36567e-01;Pipeline { filter(T > 0.0003) }
datasets/airQuality_parallel.csv;nsga2;2;5;500;500;1.18410e+01;100;100;100;1.00000e+00;1.00000e+00;2.00000e-02;8.38116e-01;9.36567e-01;Pipeline { filter(T < 319000000.0000) };7.11560e-01;1.00000e+00;Pipeline { filter(NOx(GT) < 760000000.0000) };8.38116e-01;9.36567e-01;Pipeline { filter(PT08.S2(NMHC) < 61000000.0000) };8.38116e-01;9.36567e-01;Pipeline { filter(PT08.S4(NO2) < 9650.0000) }
datasets/airQuality_parallel.csv;nsga2;2;6;600;600;1.41390e+01;100;100;100;1.00000e+00;1.00000e+00;2.00000e-02;8.38116e-01;9.36567e-01;Pipeline { filter(PT08.S5(O3) > 0.0000) };7.11560e-01;1.00000e+00;Pipeline { filter(NOx(GT) > 0.0000) };8.38116e-01;9.36567e-01;Pipeline { filter(PT08.S1(CO) > 0.0004) };8.38116e-01;9.36567e-01;Pipeline { filter(PT08.S1(CO) > 0.0000) }
datasets/airQuality_parallel.csv;nsga2;2;7;700;700;1.64990e+01;100;100;100;1.00000e+00;1.00000e+00;2.00000e-02;8.38116e-01;9.36567e-01;Pipeline { filter(PT08.S3(NOx) < 87000000.0000) };7.11560e-01;1.00000e+00;Pipeline { filter(NOx(GT) > 0.0000) };8.38116e-01;9.36567e-01;Pipeline { filter(AH < 54000000.0000) };8.38116e-01;9.36567e-01;Pipeline { filter(RH > 0.0008) }
datasets/airQuality_parallel.csv;nsga2;2;8;800;800;1.93040e+01;100;100;100;1.00000e+00;1.00000e+00;3.00000e-02;8.38664e-01;7.03786e-01;Pipeline { filter(PT08.S3(NOx) > 411.0000) };7.11560e-01;1.00000e+00;Pipeline { filter(NOx(GT) > 0.0000) };8.38116e-01;9.36567e-01;Pipeline { filter(RH > 0.0000) };8.38116e-01;9.36567e-01;Pipeline { filter(PT08.S3(NOx) < 5690.0000) }
datasets/airQuality_parallel.csv;nsga2;2;9;900;900;2.17060e+01;100;100;100;1.00000e+00;1.00000e+00;3.00000e-02;8.38664e-01;7.03786e-01;Pipeline { filter(PT08.S3(NOx) > 411.0000) };7.11560e-01;1.00000e+00;Pipeline { filter(NOx(GT) > 0.0000) };8.38116e-01;9.36567e-01;Pipeline { filter(PT08.S4(NO2) < 75000.0000) };8.38116e-01;9.36567e-01;Pipeline { filter(T < 55600000.0000) }
datasets/airQuality_parallel.csv;nsga2;2;10;1000;1000;2.40480e+01;100;100;100;1.00000e+00;9.90000e-01;3.00000e-02;8.38898e-01;7.03786e-01;Pipeline { filter(PT08.S3(NOx) > 410.0000) };7.11560e-01;1.00000e+00;Pipeline { filter(NOx(GT) > 0.0000) };8.38116e-01;9.36567e-01;Pipeline { filter(T < 12300000.0000) };8.38116e-01;9.36567e-01;Pipeline { filter(RH > 0.0000) }
datasets/airQuality_parallel.csv;nsga2;2;11;1100;1100;2.63170e+01;100;100;100;1.00000e+00;1.00000e+00;3.00000e-02;8.38898e-01;7.03786e-01;Pipeline { filter(PT08.S3(NOx) > 410.0000) };7.11560e-01;1.00000e+00;Pipeline { filter(NOx(GT) > 0.0000) };8.38116e-01;9.36567e-01;Pipeline { filter(PT08.S1(CO) > 0.0000) };8.38116e-01;9.36567e-01;Pipeline { filter(PT08.S2(NMHC) < 1640000000.0000) }
datasets/airQuality_parallel.csv;nsga2;2;12;1200;1200;2.87800e+01;100;100;100;1.00000e+00;1.00000e+00;3.00000e-02;8.38898e-01;7.03786e-01;Pipeline { filter(PT08.S3(NOx) > 410.0000) };7.11560e-01;1.00000e+00;Pipeline { filter(NOx(GT) > 0.0000) };8.38116e-01;9.36567e-01;Pipeline { filter(RH > 8.5900) };8.38116e-01;9.36567e-01;Pipeline { filter(PT08.S1(CO) > 0.0009) }
datasets/airQuality_parallel.csv;nsga2;2;13;1300;1300;3.13390e+01;100;100;100;1.00000e+00;9.90000e-01;3.00000e-02;8.38898e-01;7.03786e-01;Pipeline { filter(PT08.S3(NOx) > 410.0000) };7.11560e-01;1.00000e+00;Pipeline { filter(NOx(GT) > 0.0000) };8.38116e-01;9.36567e-01;Pipeline { filter(PT08.S5(O3) < 7130.0000) };8.38116e-01;9.36567e-01;Pipeline { filter(PT08.S2(NMHC) > 0.0592) }
datasets/airQuality_parallel.csv;nsga2;2;14;1400;1400;3.38010e+01;100;100;100;1.00000e+00;9.90000e-01;3.00000e-02;8.38898e-01;7.03786e-01;Pipeline { filter(PT08.S3(NOx) > 410.0000) };7.11560e-01;1.00000e+00;Pipeline { filter(NOx(GT) > 0.0000) };8.38116e-01;9.36567e-01;Pipeline { filter(PT08.S1(CO) > 4.7500) };8.38116e-01;9.36567e-01;Pipeline { filter(PT08.S1(CO) > 0.0000) }
datasets/airQuality_parallel.csv;nsga2;2;15;1500;1500;3.61490e+01;100;100;100;1.00000e+00;1.00000e+00;3.00000e-02;8.38898e-01;7.03786e-01;Pipeline { filter(PT08.S3(NOx) > 410.0000) };7.11560e-01;1.00000e+00;Pipeline { filter(NOx(GT) > 0.0000) };8.38116e-01;9.36567e-01;Pipeline { filter(PT08.S5(O3) > 0.0000) };8.38116e-01;9.36567e-01;Pipeline { filter(PT08.S3(NOx) > 0.0000) }
datasets/airQuality_parallel.csv;nsga2;2;16;1600;1600;3.86470e+01;100;100;100;1.00000e+00;9.80000e-01;3.00000e-02;8.38898e-01;7.03786e-01;Pipeline { filter(PT08.S3(NOx) > 410.0000) };7.11560e-01;1.00000e+00;Pipeline { filter(NOx(GT) > 0.0004) };8.38116e-01;9.36567e-01;Pipeline { filter(PT08.S1(CO) > 0.0000) };8.38116e-01;9.36567e-01;Pipeline { filter(PT08.S2(NMHC) < 43500.0000) }
datasets/airQuality_parallel.csv;nsga2;2;17;1700;1700;4.10390e+01;100;100;100;1.00000e+00;1.00000e+00;3.00000e-02;8.40195e-01;7.34341e-01;Pipeline { filter(PT08.S3(NOx) > 400.0000) };7.11560e-01;1.00000e+00;Pipeline { filter(NOx(GT) > 0.0004) };8.38116e-01;9.36567e-01;Pipeline { filter(PT08.S5(O3) < 4430.0000) };8.38116e-01;9.36567e-01;Pipeline { filter(PT08.S3(NOx) > 0.0000) }
datasets/airQuality_parallel.csv;nsga2;2;18;1800;1800;4.36940e+01;100;100;100;1.00000e+00;1.00000e+00;4.00000e-02;8.40195e-01;7.34341e-01;Pipeline { filter(PT08.S3(NOx) > 400.0000) };7.11560e-01;1.00000e+00;Pipeline { filter(NOx(GT) > 0.0004) };8.38116e-01;9.36567e-01;Pipeline { filter(PT08.S1(CO) > 0.0001) };8.38116e-01;9.36567e-01;Pipeline { filter(PT08.S1(CO) > 0.0001) }
datasets/airQuality_parallel.csv;nsga2;2;19;1900;1900;4.60760e+01;100;100;100;1.00000e+00;9.90000e-01;4.00000e-02;8.40195e-01;7.34341e-01;Pipeline { filter(PT08.S3(NOx) > 400.0000) };7.11560e-01;1.00000e+00;Pipeline { filter(NOx(GT) > 0.0004) };8.38116e-01;9.36567e-01;Pipeline { filter(PT08.S5(O3) > 0.0494) };8.38116e-01;9.36567e-01;Pipeline { filter(PT08.S5(O3) > 0.0494) }
datasets/airQuality_parallel.csv;nsga2;2;20;2000;2000;4.86080e+01;100;100;100;1.00000e+00;1.00000e+00;4.00000e-02;8.40195e-01;7.34341e-01;Pipeline { filter(PT08.S3(NOx) > 400.0000) };7.11560e-01;1.00000e+00;Pipeline { filter(NOx(GT) > 0.0004) };8.38116e-01;9.36567e-01;Pipeline { filter(PT08.S2(NMHC) < 32600000.0000) };8.38116e-01;9.36567e-01;Pipeline { filter(PT08.S2(NMHC) < 32600000.0000) }
datasets/airQuality_parallel.csv;nsga2;2;21;2100;2100;5.09280e+01;100;100;100;1.00000e+00;1.00000e+00;4.00000e-02;8.40195e-01;7.34341e-01;Pipeline { filter(PT08.S3(NOx) > 400.0000) };7.11560e-01;1.00000e+00;Pipeline { filter(NOx(GT) > 0.0004) };8.38116e-01;9.36567e-01;Pipeline { filter(PT08.S5(O3) < 8800.0000) };8.38116e-01;9.36567e-01;Pipeline { filter(PT08.S5(O3) < 8800.0000) }
datasets/airQuality_parallel.csv;nsga2;2;22;2200;2200;5.32710e+01;100;100;100;1.00000e+00;1.00000e+00;4.00000e-02;8.40195e-01;7.34341e-01;Pipeline { filter(PT08.S3(NOx) > 400.0000) };7.11560e-01;1.00000e+00;Pipeline { filter(NOx(GT) > 0.0004) };8.38116e-01;9.36567e-01;Pipeline { filter(PT08.S1(CO) > 4.0600) };8.38116e-01;9.36567e-01;Pipeline { filter(PT08.S1(CO) > 4.0600) }
datasets/airQuality_parallel.csv;nsga2;2;23;2300;2300;5.55920e+01;100;100;100;1.00000e+00;1.00000e+00;4.00000e-02;8.41782e-01;8.53229e-01;Pipeline { filter(PT08.S5(O3) < 2230.0000) };7.11560e-01;1.00000e+00;Pipeline { filter(NOx(GT) > 0.0004) };8.38116e-01;9.36567e-01;Pipeline { filter(AH < 130.0000) };8.38116e-01;9.36567e-01;Pipeline { filter(AH < 130.0000) }
datasets/airQuality_parallel.csv;nsga2;2;24;2400;2400;5.80210e+01;100;100;100;1.00000e+00;1.00000e+00;4.00000e-02;8.41782e-01;8.53229e-01;Pipeline { filter(PT08.S5(O3) < 2230.0000) };7.11560e-01;1.00000e+00;Pipeline { filter(NOx(GT) > 0.0004) };8.38116e-01;9.36567e-01;Pipeline { filter(RH > 0.0000) };8.38116e-01;9.36567e-01;Pipeline { filter(RH > 0.0000) }
datasets/airQuality_parallel.csv;nsga2;2;25;2500;2500;6.03300e+01;100;100;100;1.00000e+00;1.00000e+00;5.00000e-02;8.41782e-01;8.53229e-01;Pipeline { filter(PT08.S5(O3) < 2230.0000) };7.11560e-01;1.00000e+00;Pipeline { filter(NOx(GT) > 0.0004) };8.38116e-01;9.36567e-01;Pipeline { filter(PT08.S3(NOx) > 0.0000) };8.38116e-01;9.36567e-01;Pipeline { filter(PT08.S2(NMHC) > 0.0010) }
datasets/airQuality_parallel.csv;nsga2;2;26;2600;2600;6.27330e+01;100;100;100;1.00000e+00;1.00000e+00;6.00000e-02;8.42150e-01;8.29365e-01;Pipeline { filter(PT08.S5(O3) < 2200.0000) };7.11560e-01;1.00000e+00;Pipeline { filter(NOx(GT) > 0.0004) };8.38116e-01;9.36567e-01;Pipeline { filter(PT08.S2(NMHC) > 0.0000) };8.38116e-01;9.36567e-01;Pipeline { filter(PT08.S1(CO) < 692000000.0000) }
datasets/airQuality_parallel.csv;nsga2;2;27;2700;2700;6.51410e+01;100;100;100;1.00000e+00;9.90000e-01;6.00000e-02;8.42150e-01;8.29365e-01;Pipeline { filter(PT08.S5(O3) < 2200.0000) };7.11560e-01;1.00000e+00;Pipeline { filter(NOx(GT) > 0.0004) };8.38116e-01;9.36567e-01;Pipeline { filter(PT08.S2(NMHC) > 0.0001) };8.38116e-01;9.36567e-01;Pipeline { filter(PT08.S3(NOx) > 0.0792) }
datasets/airQuality_parallel.csv;nsga2;2;28;2800;2800;6.75990e+01;100;100;100;1.00000e+00;1.00000e+00;6.00000e-02;8.42150e-01;8.29365e-01;Pipeline { filter(PT08.S5(O3) < 2200.0000) };7.11560e-01;1.00000e+00;Pipeline { filter(NOx(GT) > 0.0004) };8.38116e-01;9.36567e-01;Pipeline { filter(RH > 0.0815) };8.38116e-01;9.36567e-01;Pipeline { filter(PT08.S4(NO2) > 24.7000) }
datasets/airQuality_parallel.csv;nsga2;2;29;2900;2900;6.99540e+01;100;100;100;1.00000e+00;1.00000e+00;6.00000e-02;8.42150e-01;8.29365e-01;Pipeline { filter(PT08.S5(O3) < 2200.0000) };7.11560e-01;1.00000e+00;Pipeline { filter(NOx(GT) > 0.0004) };8.38116e-01;9.36567e-01;Pipeline { filter(RH > 0.0000) };8.38116e-01;9.36567e-01;Pipeline { filter(PT08.S5(O3) > 0.0000) }
datasets/airQuality_parallel.csv;nsga2;2;30;3000;3000;7.26430e+01;100;100;100;1.00000e+00;1.00000e+00;6.00000e-02;8.42150e-01;8.29365e-01;Pipeline { filter(PT08.S5(O3) < 2200.0000) };7.11560e-01;1.00000e+00;Pipeline { filter(NOx(GT) > 0.0004) };8.38116e-01;9.36567e-01;Pipeline { filter(PT08.S4(NO2) > 0.0196) };8.38116e-01;9.36567e-01;Pipeline { filter(PT08.S1(CO) > 0.8040) }
datasets/airQuality_parallel.csv;nsga2;2;31;3100;3100;7.50580e+01;100;100;100;1.00000e+00;1.00000e+00;7.00000e-02;8.42150e-01;8.29365e-01;Pipeline { filter(PT08.S5(O3) < 2200.0000) };7.11560e-01;1.00000e+00;Pipeline { filter(NOx(GT) > 0.0004) };8.38116e-01;9.36567e-01;Pipeline { filter(C6H6(GT) > 0.0000) };8.38116e-01;9.36567e-01;Pipeline { filter(PT08.S4(NO2) > 0.0809) }
datasets/airQuality_parallel.csv;nsga2;2;32;3200;3200;7.72320e+01;100;100;100;1.00000e+00;1.00000e+00;7.00000e-02;8.42150e-01;8.29365e-01;Pipeline { filter(PT08.S5(O3) < 2200.0000) };7.11560e-01;1.00000e+00;Pipeline { filter(NOx(GT) > 0.0004) };8.38116e-01;9.36567e-01;Pipeline { filter(PT08.S3(NOx) > 0.0010) };8.38116e-01;9.36567e-01;Pipeline { filter(PT08.S5(O3) < 11500.0000) }
datasets/airQuality_parallel.csv;nsga2;2;33;3300;3300;7.96400e+01;100;100;100;1.00000e+00;1.00000e+00;7.00000e-02;8.42150e-01;8.29365e-01;Pipeline { filter(PT08.S5(O3) < 2200.0000) };7.11560e-01;1.00000e+00;Pipeline { filter(NOx(GT) > 0.0004) };8.38116e-01;9.36567e-01;Pipeline { filter(PT08.S1(CO) > 0.4000) };8.38116e-01;9.36567e-01;Pipeline { filter(PT08.S3(NOx) > 0.4530) }
datasets/airQuality_parallel.csv;nsga2;2;34;3400;3400;8.20540e+01;100;100;100;1.00000e+00;1.00000e+00;7.00000e-02;8.42150e-01;8.29365e-01;Pipeline { filter(PT08.S5(O3) < 2200.0000) };7.11560e-01;1.00000e+00;Pipeline { filter(NOx(GT) > 0.0004) };8.38116e-01;9.36567e-01;Pipeline { filter(RH > 0.0064) };8.38116e-01;9.36567e-01;Pipeline { filter(PT08.S1(CO) > 0.0003) }
datasets/airQuality_parallel.csv;nsga2;2;35;3500;3500;8.45150e+01;100;100;100;1.00000e+00;1.00000e+00;7.00000e-02;8.42150e-01;8.29365e-01;Pipeline { filter(PT08.S5(O3) < 2200.0000) };7.11560e-01;1.00000e+00;Pipeline { filter(NOx(GT) > 0.0004) };8.38116e-01;9.36567e-01;Pipeline { filter(PT08.S3(NOx) > 0.4540) };8.38116e-01;9.36567e-01;Pipeline { filter(PT08.S2(NMHC) > 0.0001) }
datasets/airQuality_parallel.csv;nsga2;2;36;3600;3600;8.68840e+01;100;100;100;1.00000e+00;1.00000e+00;7.00000e-02;8.42150e-01;8.29365e-01;Pipeline { filter(PT08.S5(O3) < 2200.0000) };7.11560e-01;1.00000e+00;Pipeline { filter(NOx(GT) > 0.0004) };8.38116e-01;9.36567e-01;Pipeline { filter(PT08.S1(CO) < 2240000000.0000) };8.38116e-01;9.36567e-01;Pipeline { filter(PT08.S5(O3) < 41100.0000) }
datasets/airQuality_parallel.csv;nsga2;2;37;3700;3700;8.91910e+01;100;100;100;1.00000e+00;1.00000e+00;8.00000e-02;8.42150e-01;8.29365e-01;Pipeline { filter(PT08.S5(O3) < 2200.0000) };7.11560e-01;1.00000e+00;Pipeline { filter(NOx(GT) > 0.0004) };8.38116e-01;9.36567e-01;Pipeline { filter(PT08.S4(NO2) > 20.0000) };8.38116e-01;9.36567e-01;Pipeline { filter(C6H6(GT) > 0.0747) }
datasets/airQuality_parallel.csv;nsga2;2;38;3800;3800;9.14510e+01;100;100;100;1.00000e+00;1.00000e+00;8.00000e-02;8.42150e-01;8.29365e-01;Pipeline { filter(PT08.S5(O3) < 2200.0000) };7.11560e-01;1.00000e+00;Pipeline { filter(NOx(GT) > 0.0004) };8.38116e-01;9.36567e-01;Pipeline { filter(RH > 0.0000) };8.38116e-01;9.36567e-01;Pipeline { filter(PT08.S2(NMHC) > 79.5000) }
datasets/airQuality_parallel.csv;nsga2;2;39;3900;3900;9.38160e+01;100;100;100;1.00000e+00;1.00000e+00;8.00000e-02;8.42150e-01;8.29365e-01;Pipeline { filter(PT08.S5(O3) < 2200.0000) };7.11560e-01;1.00000e+00;Pipeline { filter(NOx(GT) > 0.0004) };8.38116e-01;9.36567e-01;Pipeline { filter(PT08.S5(O3) < 2680.0000) };8.38116e-01;9.36567e-01;Pipeline { filter(T < 2250000.0000) }
datasets/airQuality_parallel.csv;nsga2;2;40;4000;4000;9.61970e+01;100;100;100;1.00000e+00;1.00000e+00;8.00000e-02;8.42150e-01;8.29365e-01;Pipeline { filter(PT08.S5(O3) < 2200.0000) };7.11560e-01;1.00000e+00;Pipeline { filter(NOx(GT) > 0.0004) };8.38116e-01;9.36567e-01;Pipeline { filter(PT08.S5(O3) < 8670000000.0000) };8.38116e-01;9.36567e-01;Pipeline { filter(PT08.S2(NMHC) > 26.5000) }
datasets/airQuality_parallel.csv;nsga2;2;41;4100;4100;9.84170e+01;100;100;100;1.00000e+00;9.80000e-01;8.00000e-02;8.42150e-01;8.29365e-01;Pipeline { filter(PT08.S5(O3) < 2200.0000) };7.11560e-01;1.00000e+00;Pipeline { filter(NOx(GT) > 0.0004) };8.38116e-01;9.36567e-01;Pipeline { filter(PT08.S4(NO2) > 0.0047) };8.38116e-01;9.36567e-01;Pipeline { filter(PT08.S4(NO2) > 0.0001) }
datasets/airQuality_parallel.csv;nsga2;2;42;4200;4200;1.00850e+02;100;100;100;1.00000e+00;9.90000e-01;8.00000e-02;8.42150e-01;8.29365e-01;Pipeline { filter(PT08.S5(O3) < 2200.0000) };7.11560e-01;1.00000e+00;Pipeline { filter(NOx(GT) > 0.0004) };8.38116e-01;9.36567e-01;Pipeline { filter(PT08.S2(NMHC) > 26.0000) };8.38116e-01;9.36567e-01;Pipeline { filter(RH > 0.1860) }
datasets/airQuality_parallel.csv;nsga2;2;43;4300;4300;1.03113e+02;100;100;100;1.00000e+00;9.90000e-01;8.00000e-02;8.42150e-01;8.29365e-01;Pipeline { filter(PT08.S5(O3) < 2200.0000) };7.11560e-01;1.00000e+00;Pipeline { filter(NOx(GT) > 0.0004) };8.38116e-01;9.36567e-01;Pipeline { filter(PT08.S1(CO) > 33.5000) };8.38116e-01;9.36567e-01;Pipeline { filter(PT08.S1(CO) > 1.8800) }
datasets/airQuality_parallel.csv;nsga2;2;44;4400;4400;1.05575e+02;100;100;100;1.00000e+00;1.00000e+00;9.00000e-02;8.42150e-01;8.29365e-01;Pipeline { filter(PT08.S5(O3) < 2200.0000) };7.11560e-01;1.00000e+00;Pipeline { filter(NOx(GT) > 0.0004) };8.38116e-01;9.36567e-01;Pipeline { filter(AH < 3.1100) };8.38116e-01;9.36567e-01;Pipeline { filter(PT08.S1(CO) < 390000000.0000) }
datasets/airQuality_parallel.csv;nsga2;2;45;4500;4500;1.07898e+02;100;100;100;1.00000e+00;1.00000e+00;9.00000e-02;8.42150e-01;8.29365e-01;Pipeline { filter(PT08.S5(O3) < 2200.0000) };7.11560e-01;1.00000e+00;Pipeline { filter(NOx(GT) > 0.0004) };8.38116e-01;9.36567e-01;Pipeline { filter(PT08.S2(NMHC) > 53.2000) };8.38116e-01;9.36567e-01;Pipeline { filter(C6H6(GT) < 73100.0000) }
datasets/airQuality_parallel.csv;nsga2;2;46;4600;4600;1.10238e+02;100;100;100;1.00000e+00;1.00000e+00;1.00000e-01;8.42150e-01;8.29365e-01;Pipeline { filter(PT08.S5(O3) < 2200.0000) };7.11560e-01;1.00000e+00;Pipeline { filter(NOx(GT) > 0.0004) };8.38116e-01;9.36567e-01;Pipeline { filter(PT08.S2(NMHC) > 0.0000) };8.38116e-01;9.36567e-01;Pipeline { filter(PT08.S2(NMHC) < 4520000.0000) }
datasets/airQuality_parallel.csv;nsga2;2;47;4700;4700;1.12709e+02;100;100;100;1.00000e+00;1.00000e+00;1.00000e-01;8.42150e-01;8.29365e-01;Pipeline { filter(PT08.S5(O3) < 2200.0000) };7.11560e-01;1.00000e+00;Pipeline { filter(NOx(GT) > 0.0004) };8.38116e-01;9.36567e-01;Pipeline { filter(PT08.S1(CO) < 370000.0000) };8.38116e-01;9.36567e-01;Pipeline { filter(AH < 3.5800) }
datasets/airQuality_parallel.csv;nsga2;2;48;4800;4800;1.15085e+02;100;100;100;1.00000e+00;1.00000e+00;1.00000e-01;8.42150e-01;8.29365e-01;Pipeline { filter(PT08.S5(O3) < 2200.0000) };7.11560e-01;1.00000e+00;Pipeline { filter(NOx(GT) > 0.0004) };8.38116e-01;9.36567e-01;Pipeline { filter(PT08.S5(O3) > 2.1000) };8.38116e-01;9.36567e-01;Pipeline { filter(AH > 0.0000) }
datasets/airQuality_parallel.csv;nsga2;2;49;4900;4900;1.17405e+02;100;100;100;1.00000e+00;1.00000e+00;1.00000e-01;8.42150e-01;8.29365e-01;Pipeline { filter(PT08.S5(O3) < 2200.0000) };7.11560e-01;1.00000e+00;Pipeline { filter(NOx(GT) > 0.0004) };8.38116e-01;9.36567e-01;Pipeline { filter(PT08.S1(CO) > 59.2000) };8.38116e-01;9.36567e-01;Pipeline { filter(PT08.S1(CO) > 0.0000) }
datasets/airQuality_parallel.csv;nsga2;2;50;5000;5000;1.19774e+02;100;100;100;1.00000e+00;1.00000e+00;1.00000e-01;8.42150e-01;8.29365e-01;Pipeline { filter(PT08.S5(O3) < 2200.0000) };7.11560e-01;1.00000e+00;Pipeline { filter(NOx(GT) > 0.0004) };8.38116e-01;9.36567e-01;Pipeline { filter(T < 477000.0000) };8.38116e-01;9.36567e-01;Pipeline { filter(PT08.S5(O3) > 0.0000) }
datasets/airQuality_parallel.csv;nsga2;3;1;100;100;2.07400e+00;100;9;81;1.00000e+00;1.00000e+00;1.10000e-01;8.38116e-01;9.36567e-01;Pipeline { filter(PT08.S5(O3) > 0.0026) };7.07174e-01;1.00000e+00;Pipeline { filter(CO(GT) > 0.0000) };0.00000e+00;0.00000e+00;Pipeline { filter(RH > 0.0000) | filter(PT08.S2(NMHC) < 0.0000) | filter(T < 0.0000) | filter(T > 6.6700) | filter(T < 0.0001) | filter(NMHC(GT) < 0.0000) | filter(RH < 0.0000) | filter(PT08.S3(NOx) > 0.0000) };0.00000e+00;0.00000e+00;Pipeline { filter(PT08.S3(NOx) > 135.0000) | filter(PT08.S3(NOx) > 6730000000.0000) | filter(NO2(GT) > 0.0000) | filter(PT08.S2(NMHC) < 0.0558) | filter(T < 0.0094) | filter(RH < 487000000.0000) | filter(NOx(GT) < 0.0686) }
datasets/airQuality_parallel.csv;nsga2;3;2;200;200;4.37100e+00;100;22;49;1.00000e+00;1.00000e+00;2.00000e-01;8.38116e-01;9.36567e-01;Pipeline { filter(PT08.S2(NMHC) < 6150000.0000) };7.07174e-01;1.00000e+00;Pipeline { filter(CO(GT) > 0.0000) };7.07174e-01;1.00000e+00;Pipeline { filter(CO(GT) > 0.0000) };8.38116e-01;9.36567e-01;Pipeline { filter(C6H6(GT) > 0.0035) }
datasets/airQuality_parallel.csv;nsga2;3;3;300;300;6.63800e+00;100;44;1;1.00000e+00;1.00000e+00;2.60000e-01;8.38116e-01;9.36567e-01;Pipeline { filter(C6H6(GT) < 8750000.0000) };7.07174e-01;1.00000e+00;Pipeline { filter(CO(GT) > 0.0000) };8.38116e-01;9.36567e-01;Pipeline { filter(AH < 3060000000.0000) | filter(AH < 8010000.0000) };6.81626e-01;9.36567e-01;Pipeline { filter(C6H6(GT) < 6900.0000) | filter(CO(GT) > 0.0000) }
datasets/airQuality_parallel.csv;nsga2;3;4;400;400;8.89900e+00;100;77;11;1.00000e+00;1.00000e+00;6.00000e-02;8.38116e-01;9.36567e-01;Pipeline { filter(AH < 9360000000.0000) };7.07174e-01;1.00000e+00;Pipeline { filter(CO(GT) > 0.0000) };8.38116e-01;9.36567e-01;Pipeline { filter(C6H6(GT) > 0.0000) };8.36811e-01;9.36567e-01;Pipeline { filter(T > 0.0001) }
datasets/airQuality_parallel.csv;nsga2;3;5;500;500;1.12180e+01;100;100;100;1.00000e+00;9.90000e-01;2.00000e-02;8.38116e-01;9.36567e-01;Pipeline { filter(PT08.S5(O3) > 0.0000) };7.11560e-01;1.00000e+00;Pipeline { filter(NOx(GT) < 2770.0000) };8.38116e-01;9.36567e-01;Pipeline { filter(AH < 935000000.0000) };8.38116e-01;9.36567e-01;Pipeline { filter(PT08.S1(CO) < 85000.0000) }
datasets/airQuality_parallel.csv;nsga2;3;6;600;600;1.36670e+01;100;100;100;1.00000e+00;9.80000e-01;2.00000e-02;8.38116e-01;9.36567e-01;Pipeline { filter(PT08.S2(NMHC) < 9540000.0000) };7.11560e-01;1.00000e+00;Pipeline { filter(NOx(GT) < 2770.0000) };8.38116e-01;9.36567e-01;Pipeline { filter(RH > 8.1900) };8.38116e-01;9.36567e-01;Pipeline { filter(PT08.S2(NMHC) > 0.9440) | filter(RH < 6000000.0000) }
datasets/airQuality_parallel.csv;nsga2;3;7;700;700;1.60930e+01;100;100;100;1.00000e+00;1.00000e+00;2.00000e-02;8.38116e-01;9.36567e-01;Pipeline { filter(PT08.S5(O3) > 0.0000) };7.11560e-01;1.00000e+00;Pipeline { filter(NOx(GT) < 2770.0000) };8.38116e-01;9.36567e-01;Pipeline { filter(PT08.S2(NMHC) < 25900.0000) };8.38116e-01;9.36567e-01;Pipeline { filter(PT08.S1(CO) < 145000000.0000) }
datasets/airQuality_parallel.csv;nsga2;3;8;800;800;1.83330e+01;100;100;100;1.00000e+00;1.00000e+00;2.00000e-02;8.38116e-01;9.36567e-01;Pipeline { filter(RH > 0.0019) };7.11560e-01;1.00000e+00;Pipeline { filter(NOx(GT) < 2770.0000) };8.38116e-01;9.36567e-01;Pipeline { filter(RH < 748000000.0000) };8.38116e-01;9.36567e-01;Pipeline { filter(PT08.S4(NO2) < 842000000.0000) }
datasets/airQuality_parallel.csv;nsga2;3;9;900;900;2.07110e+01;100;100;100;1.00000e+00;1.00000e+00;2.00000e-02;8.38116e-01;9.36567e-01;Pipeline { filter(RH < 81000.0000) };7.11560e-01;1.00000e+00;Pipeline { filter(NOx(GT) < 2770.0000) };8.38116e-01;9.36567e-01;Pipeline { filter(AH < 9040000000.0000) | filter(AH < 140000000.0000) };8.38116e-01;9.36567e-01;Pipeline { filter(PT08.S5(O3) > 0.0000) }
datasets/airQuality_parallel.csv;nsga2;3;10;1000;1000;2.30290e+01;100;100;100;1.00000e+00;9.90000e-01;2.00000e-02;8.38116e-01;9.36567e-01;Pipeline { filter(PT08.S1(CO) > 0.0000) };7.11560e-01;1.00000e+00;Pipeline { filter(NOx(GT) < 2770.0000) };8.38116e-01;9.36567e-01;Pipeline { filter(PT08.S5(O3) > 0.0001) };8.38116e-01;9.36567e-01;Pipeline { filter(AH < 83200.0000) }
datasets/airQuality_parallel.csv;nsga2;3;11;1100;1100;2.56660e+01;100;100;100;1.00000e+00;9.90000e-01;2.00000e-02;8.38116e-01;9.36567e-01;Pipeline { filter(RH > 0.0094) };7.11560e-01;1.00000e+00;Pipeline { filter(NOx(GT) < 2770.0000) };8.38116e-01;9.36567e-01;Pipeline { filter(PT08.S5(O3) > 0.0000) };8.38116e-01;9.36567e-01;Pipeline { filter(PT08.S1(CO) < 12700.0000) }
datasets/airQuality_parallel.csv;nsga2;3;12;1200;1200;2.80490e+01;100;100;100;1.00000e+00;1.00000e+00;2.00000e-02;8.38116e-01;9.36567e-01;Pipeline { filter(C6H6(GT) < 745000000.0000) | filter(RH > 0.0446) };7.11560e-01;1.00000e+00;Pipeline { filter(NOx(GT) < 2770.0000) };8.38116e-01;9.36567e-01;Pipeline { filter(AH > 0.0000) };8.38116e-01;9.36567e-01;Pipeline { filter(PT08.S2(NMHC) > 6.7400) }
datasets/airQuality_parallel.csv;nsga2;3;13;1300;1300;3.05100e+01;100;100;100;1.00000e+00;9.90000e-01;2.00000e-02;8.38116e-01;9.36567e-01;Pipeline { filter(PT08.S3(NOx) < 11400.0000) };7.11560e-01;1.00000e+00;Pipeline { filter(NOx(GT) < 2770.0000) };8.38116e-01;9.36567e-01;Pipeline { filter(PT08.S5(O3) > 0.0070) };8.38116e-01;9.36567e-01;Pipeline { filter(AH > 0.0000) }
datasets/airQuality_parallel.csv;nsga2;3;14;1400;1400;3.30060e+01;100;100;100;1.00000e+00;1.00000e+00;2.00000e-02;8.38116e-01;9.36567e-01;Pipeline { filter(PT08.S3(NOx) < 5460000000.0000) | filter(RH > 0.0246) };7.11560e-01;1.00000e+00;Pipeline { filter(NOx(GT) < 2770.0000) };8.38116e-01;9.36567e-01;Pipeline { filter(RH < 212.0000) };8.38116e-01;9.36567e-01;Pipeline { filter(RH < 414000.0000) }
datasets/airQuality_parallel.csv;nsga2;3;15;1500;1500;3.55020e+01;100;100;100;1.00000e+00;1.00000e+00;2.00000e-02;8.38116e-01;9.36567e-01;Pipeline { filter(PT08.S5(O3) < 87000.0000) };7.11560e-01;1.00000e+00;Pipeline { filter(NOx(GT) < 2770.0000) };8.38116e-01;9.36567e-01;Pipeline { filter(PT08.S5(O3) > 0.0051) };8.38116e-01;9.36567e-01;Pipeline { filter(PT08.S3(NOx) < 41500000.0000) }
datasets/airQuality_parallel.csv;nsga2;3;16;1600;1600;3.79720e+01;100;100;100;1.00000e+00;1.00000e+00;2.00000e-02;8.38116e-01;9.36567e-01;Pipeline { filter(C6H6(GT) < 7450000.0000) | filter(RH > 0.0046) };7.11560e-01;1.00000e+00;Pipeline { filter(NOx(GT) < 2770.0000) };8.38116e-01;9.36567e-01;Pipeline { filter(PT08.S5(O3) < 60300.0000) };8.38116e-01;9.36567e-01;Pipeline { filter(PT08.S3(NOx) > 0.0000) }
datasets/airQuality_parallel.csv;nsga2;3;17;1700;1700;4.05180e+01;100;100;100;1.00000e+00;1.00000e+00;3.00000e-02;8.41696e-01;8.62669e-01;Pipeline { filter(C6H6(GT) < 43.0000) };7.11560e-01;1.00000e+00;Pipeline { filter(NOx(GT) < 2770.0000) };8.38116e-01;9.36567e-01;Pipeline { filter(PT08.S5(O3) > 0.0000) };8.38116e-01;9.36567e-01;Pipeline { filter(PT08.S3(NOx) < 4340000.0000) }
datasets/airQuality_parallel.csv;nsga2;3;18;1800;1800;4.30940e+01;100;100;100;1.00000e+00;9.90000e-01;3.00000e-02;8.41696e-01;8.62669e-01;Pipeline { filter(C6H6(GT) < 43.0000) };7.11560e-01;1.00000e+00;Pipeline { filter(NOx(GT) < 2770.0000) };8.38116e-01;9.36567e-01;Pipeline { filter(PT08.S3(NOx) > 0.0000) };8.38116e-01;9.36567e-01;Pipeline { filter(PT08.S2(NMHC) > 24.4000) }
datasets/airQuality_parallel.csv;nsga2;3;19;1900;1900;4.54680e+01;100;100;100;1.00000e+00;1.00000e+00;5.00000e-02;8.41721e-01;8.36935e-01;Pipeline { filter(C6H6(GT) < 40.0000) };7.11560e-01;1.00000e+00;Pipeline { filter(NOx(GT) < 2770.0000) };8.38116e-01;9.36567e-01;Pipeline { filter(C6H6(GT) > 0.0000) };8.38116e-01;9.36567e-01;Pipeline { filter(C6H6(GT) < 43000.0000) }
datasets/airQuality_parallel.csv;nsga2;3;20;2000;2000;4.77490e+01;100;100;100;1.00000e+00;1.00000e+00;5.00000e-02;8.41721e-01;8.36935e-01;Pipeline { filter(C6H6(GT) < 40.0000) };7.11560e-01;1.00000e+00;Pipeline { filter(NOx(GT) < 2770.0000) };8.38116e-01;9.36567e-01;Pipeline { filter(T < 83500.0000) };8.38116e-01;9.36567e-01;Pipeline { filter(PT08.S3(NOx) > 82.7000) }
datasets/airQuality_parallel.csv;nsga2;3;21;2100;2100;4.99070e+01;100;100;100;1.00000e+00;1.00000e+00;5.00000e-02;8.41721e-01;8.36935e-01;Pipeline { filter(C6H6(GT) < 40.0000) };7.11560e-01;1.00000e+00;Pipeline { filter(NOx(GT) < 2770.0000) };8.38116e-01;9.36567e-01;Pipeline { filter(PT08.S3(NOx) > 0.0012) };8.38116e-01;9.36567e-01;Pipeline { filter(PT08.S2(NMHC) > 0.0055) }
datasets/airQuality_parallel.csv;nsga2;3;22;2200;2200;5.23160e+01;100;100;100;1.00000e+00;1.00000e+00;5.00000e-02;8.41721e-01;8.36935e-01;Pipeline { filter(C6H6(GT) < 40.0000) };7.11560e-01;1.00000e+00;Pipeline { filter(NOx(GT) < 2770.0000) };8.38116e-01;9.36567e-01;Pipeline { filter(PT08.S3(NOx) > 0.0011) };8.38116e-01;9.36567e-01;Pipeline { filter(PT08.S2(NMHC) < 88700000.0000) }
datasets/airQuality_parallel.csv;nsga2;3;23;2300;2300;5.48140e+01;100;100;100;1.00000e+00;1.00000e+00;4.00000e-02;8.41752e-01;8.58252e-01;Pipeline { filter(C6H6(GT) < 42.0000) };7.11560e-01;1.00000e+00;Pipeline { filter(NOx(GT) < 2770.0000) };8.38116e-01;9.36567e-01;Pipeline { filter(PT08.S3(NOx) > 0.0051) };8.38116e-01;9.36567e-01;Pipeline { filter(PT08.S3(NOx) > 0.0051) }
datasets/airQuality_parallel.csv;nsga2;3;24;2400;2400;5.70750e+01;100;100;100;1.00000e+00;1.00000e+00;5.00000e-02;8.41752e-01;8.58252e-01;Pipeline { filter(C6H6(GT) < 42.0000) };7.11560e-01;1.00000e+00;Pipeline { filter(NOx(GT) < 2770.0000) };8.38116e-01;9.36567e-01;Pipeline { filter(C6H6(GT) < 320.0000) };8.38116e-01;9.36567e-01;Pipeline { filter(C6H6(GT) < 653.0000) | filter(PT08.S1(CO) > 0.0001) }
datasets/airQuality_parallel.csv;nsga2;3;25;2500;2500;5.93430e+01;100;100;100;1.00000e+00;9.90000e-01;5.00000e-02;8.41752e-01;8.58252e-01;Pipeline { filter(C6H6(GT) < 42.0000) };7.11560e-01;1.00000e+00;Pipeline { filter(NOx(GT) < 2770.0000) };8.38116e-01;9.36567e-01;Pipeline { filter(PT08.S2(NMHC) < 93300000.0000) };8.38116e-01;9.36567e-01;Pipeline { filter(C6H6(GT) > 0.0063) }
datasets/airQuality_parallel.csv;nsga2;3;26;2600;2600;6.17590e+01;100;100;100;1.00000e+00;1.00000e+00;5.00000e-02;8.41752e-01;8.58252e-01;Pipeline { filter(C6H6(GT) < 42.0000) };7.11560e-01;1.00000e+00;Pipeline { filter(NOx(GT) < 2770.0000) };8.38116e-01;9.36567e-01;Pipeline { filter(AH < 970000.0000) };8.38116e-01;9.36567e-01;Pipeline { filter(PT08.S4(NO2) > 2.4700) | filter(C6H6(GT) > 0.0000) }
datasets/airQuality_parallel.csv;nsga2;3;27;2700;2700;6.39180e+01;100;100;100;1.00000e+00;1.00000e+00;5.00000e-02;8.41752e-01;8.58252e-01;Pipeline { filter(C6H6(GT) < 42.0000) };7.11560e-01;1.00000e+00;Pipeline { filter(NOx(GT) < 2770.0000) };8.38116e-01;9.36567e-01;Pipeline { filter(PT08.S3(NOx) > 0.0000) };8.38116e-01;9.36567e-01;Pipeline { filter(PT08.S1(CO) > 3.4100) }
datasets/airQuality_parallel.csv;nsga2;3;28;2800;2800;6.62000e+01;100;100;100;1.00000e+00;1.00000e+00;5.00000e-02;8.41752e-01;8.58252e-01;Pipeline { filter(C6H6(GT) < 42.0000) };7.11560e-01;1.00000e+00;Pipeline { filter(NOx(GT) < 2770.0000) };8.38116e-01;9.36567e-01;Pipeline { filter(RH > 0.0001) };8.38116e-01;9.36567e-01;Pipeline { filter(AH < 3.5000) }
datasets/airQuality_parallel.csv;nsga2;3;29;2900;2900;6.84160e+01;100;100;100;1.00000e+00;1.00000e+00;5.00000e-02;8.41752e-01;8.58252e-01;Pipeline { filter(C6H6(GT) < 42.0000) };7.11560e-01;1.00000e+00;Pipeline { filter(NOx(GT) < 2770.0000) };8.38116e-01;9.36567e-01;Pipeline { filter(PT08.S3(NOx) > 79.3000) };8.38116e-01;9.36567e-01;Pipeline { filter(AH < 861000.0000) }
datasets/airQuality_parallel.csv;nsga2;3;30;3000;3000;7.07590e+01;100;100;100;1.00000e+00;1.00000e+00;5.00000e-02;8.41752e-01;8.58252e-01;Pipeline { filter(C6H6(GT) < 42.0000) };7.11560e-01;1.00000e+00;Pipeline { filter(NOx(GT) < 2770.0000) };8.38116e-01;9.36567e-01;Pipeline { filter(PT08.S4(NO2) > 274.0000) };8.38116e-01;9.36567e-01;Pipeline { filter(PT08.S2(NMHC) > 0.0000) }
datasets/airQuality_parallel.csv;nsga2;3;31;3100;3100;7.29940e+01;100;100;100;1.00000e+00;1.00000e+00;5.00000e-02;8.41752e-01;8.58252e-01;Pipeline { filter(C6H6(GT) < 42.0000) };7.11560e-01;1.00000e+00;Pipeline { filter(NOx(GT) < 2770.0000) };8.38116e-01;9.36567e-01;Pipeline { filter(RH < 68600.0000) };8.38116e-01;9.36567e-01;Pipeline { filter(PT08.S2(NMHC) < 2770.0000) }
datasets/airQuality_parallel.csv;nsga2;3;32;3200;3200;7.53400e+01;100;100;100;1.00000e+00;1.00000e+00;5.00000e-02;8.41752e-01;8.58252e-01;Pipeline { filter(C6H6(GT) < 42.0000) };7.11560e-01;1.00000e+00;Pipeline { filter(NOx(GT) < 2770.0000) };8.38116e-01;9.36567e-01;Pipeline { filter(PT08.S2(NMHC) > 0.0000) };8.38116e-01;9.36567e-01;Pipeline { filter(PT08.S3(NOx) < 980000.0000) }
datasets/airQuality_parallel.csv;nsga2;3;33;3300;3300;7.75650e+01;100;100;100;1.00000e+00;1.00000e+00;5.00000e-02;8.41752e-01;8.58252e-01;Pipeline { filter(C6H6(GT) < 42.0000) };7.11560e-01;1.00000e+00;Pipeline { filter(NOx(GT) < 2770.0000) };8.38116e-01;9.36567e-01;Pipeline { filter(RH > 0.2110) };8.38116e-01;9.36567e-01;Pipeline { filter(PT08.S1(CO) < 53300000.0000) }
datasets/airQuality_parallel.csv;nsga2;3;34;3400;3400;7.98870e+01;100;100;100;1.00000e+00;1.00000e+00;5.00000e-02;8.41752e-01;8.58252e-01;Pipeline { filter(C6H6(GT) < 42.0000) };7.11560e-01;1.00000e+00;Pipeline { filter(NOx(GT) < 2770.0000) };8.38116e-01;9.36567e-01;Pipeline { filter(PT08.S5(O3) > 0.0720) };8.38116e-01;9.36567e-01;Pipeline { filter(PT08.S5(O3) > 0.0001) }
datasets/airQuality_parallel.csv;nsga2;3;35;3500;3500;8.25220e+01;100;100;100;1.00000e+00;1.00000e+00;5.00000e-02;8.41752e-01;8.58252e-01;Pipeline { filter(C6H6(GT) < 42.0000) };7.11560e-01;1.00000e+00;Pipeline { filter(NOx(GT) < 2770.0000) };8.38116e-01;9.36567e-01;Pipeline { filter(RH > 0.0000) };8.38116e-01;9.36567e-01;Pipeline { filter(PT08.S2(NMHC) > 0.0000) }
datasets/airQuality_parallel.csv;nsga2;3;36;3600;3600;8.48160e+01;100;100;100;1.00000e+00;1.00000e+00;6.00000e-02;8.41752e-01;8.58252e-01;Pipeline { filter(C6H6(GT) < 42.0000) };7.11560e-01;1.00000e+00;Pipeline { filter(NOx(GT) < 2770.0000) };8.38116e-01;9.36567e-01;Pipeline { filter(AH < 3290000.0000) };8.38116e-01;9.36567e-01;Pipeline { filter(PT08.S3(NOx) < 90000000.0000) }
datasets/airQuality_parallel.csv;nsga2;3;37;3700;3700;8.70930e+01;100;100;100;1.00000e+00;9.90000e-01;7.00000e-02;8.41752e-01;8.58252e-01;Pipeline { filter(C6H6(GT) < 42.0000) };7.11560e-01;1.00000e+00;Pipeline { filter(NOx(GT) < 2770.0000) };8.38116e-01;9.36567e-01;Pipeline { filter(PT08.S2(NMHC) > 3.6700) };8.38116e-01;9.36567e-01;Pipeline { filter(PT08.S4(NO2) > 0.0001) }
datasets/airQuality_parallel.csv;nsga2;3;38;3800;3800;8.93860e+01;100;100;100;1.00000e+00;1.00000e+00;7.00000e-02;8.41752e-01;8.58252e-01;Pipeline { filter(C6H6(GT) < 42.0000) };7.11560e-01;1.00000e+00;Pipeline { filter(NOx(GT) < 2770.0000) };8.38116e-01;9.36567e-01;Pipeline { filter(RH > 0.0003) };8.38116e-01;9.36567e-01;Pipeline { filter(PT08.S2(NMHC) > 3.8600) }
datasets/airQuality_parallel.csv;nsga2;3;39;3900;3900;9.18460e+01;100;100;100;1.00000e+00;9.90000e-01;7.00000e-02;8.41752e-01;8.58252e-01;Pipeline { filter(C6H6(GT) < 42.0000) };7.11560e-01;1.00000e+00;Pipeline { filter(NOx(GT) < 2770.0000) };8.38116e-01;9.36567e-01;Pipeline { filter(PT08.S2(NMHC) > 0.0001) };8.38116e-01;9.36567e-01;Pipeline { filter(PT08.S2(NMHC) < 323000000.0000) }
datasets/airQuality_parallel.csv;nsga2;3;40;4000;4000;9.43220e+01;100;100;100;1.00000e+00;9.90000e-01;7.00000e-02;8.41752e-01;8.58252e-01;Pipeline { filter(C6H6(GT) < 42.0000) };7.11560e-01;1.00000e+00;Pipeline { filter(NOx(GT) < 2770.0000) };8.38116e-01;9.36567e-01;Pipeline { filter(PT08.S2(NMHC) > 0.0001) };8.38116e-01;9.36567e-01;Pipeline { filter(C6H6(GT) < 9760.0000) }
datasets/airQuality_parallel.csv;nsga2;3;41;4100;4100;9.67440e+01;100;100;100;1.00000e+00;9.90000e-01;7.00000e-02;8.41752e-01;8.58252e-01;Pipeline { filter(C6H6(GT) < 42.0000) };7.11560e-01;1.00000e+00;Pipeline { filter(NOx(GT) < 2770.0000) };8.38116e-01;9.36567e-01;Pipeline { filter(PT08.S3(NOx) > 0.0000) };8.38116e-01;9.36567e-01;Pipeline { filter(PT08.S2(NMHC) > 0.0087) }
datasets/airQuality_parallel.csv;nsga2;3;42;4200;4200;9.91580e+01;100;100;100;1.00000e+00;1.00000e+00;7.00000e-02;8.41752e-01;8.58252e-01;Pipeline { filter(C6H6(GT) < 42.0000) };7.11560e-01;1.00000e+00;Pipeline { filter(NOx(GT) < 2770.0000) };8.38116e-01;9.36567e-01;Pipeline { filter(AH < 565.0000) };8.38116e-01;9.36567e-01;Pipeline { filter(C6H6(GT) < 8200.0000) }
datasets/airQuality_parallel.csv;nsga2;3;43;4300;4300;1.01695e+02;100;100;100;1.00000e+00;1.00000e+00;8.00000e-02;8.41752e-01;8.58252e-01;Pipeline { filter(C6H6(GT) < 42.0000) };7.11560e-01;1.00000e+00;Pipeline { filter(NOx(GT) < 2770.0000) };8.38116e-01;9.36567e-01;Pipeline { filter(PT08.S4(NO2) < 8200.0000) };8.38116e-01;9.36567e-01;Pipeline { filter(AH < 450000000.0000) }
datasets/airQuality_parallel.csv;nsga2;3;44;4400;4400;1.04125e+02;100;100;100;1.00000e+00;1.00000e+00;8.00000e-02;8.41752e-01;8.58252e-01;Pipeline { filter(C6H6(GT) < 42.0000) };7.11560e-01;1.00000e+00;Pipeline { filter(NOx(GT) < 82900000.0000) };8.38116e-01;9.36567e-01;Pipeline { filter(PT08.S3(NOx) < 967000.0000) };8.38116e-01;9.36567e-01;Pipeline { filter(PT08.S3(NOx) < 967000.0000) }
datasets/airQuality_parallel.csv;nsga2;3;45;4500;4500;1.06404e+02;100;100;100;1.00000e+00;9.90000e-01;8.00000e-02;8.41752e-01;8.58252e-01;Pipeline { filter(C6H6(GT) < 42.0000) };7.11560e-01;1.00000e+00;Pipeline { filter(NOx(GT) < 82900000.0000) };8.38116e-01;9.36567e-01;Pipeline { filter(PT08.S2(NMHC) < 73700.0000) };8.38116e-01;9.36567e-01;Pipeline { filter(PT08.S1(CO) > 0.0035) }
datasets/airQuality_parallel.csv;nsga2;3;46;4600;4600;1.08783e+02;100;100;100;1.00000e+00;1.00000e+00;8.00000e-02;8.41752e-01;8.58252e-01;Pipeline { filter(C6H6(GT) < 42.0000) };7.11560e-01;1.00000e+00;Pipeline { filter(NOx(GT) < 82900000.0000) };8.38116e-01;9.36567e-01;Pipeline { filter(AH < 51.5000) };8.38116e-01;9.36567e-01;Pipeline { filter(RH < 11400.0000) }
datasets/airQuality_parallel.csv;nsga2;3;47;4700;4700;1.11052e+02;100;100;100;1.00000e+00;1.00000e+00;8.00000e-02;8.41752e-01;8.58252e-01;Pipeline { filter(C6H6(GT) < 42.0000) };7.11560e-01;1.00000e+00;Pipeline { filter(NOx(GT) < 82900000.0000) };8.38116e-01;9.36567e-01;Pipeline { filter(C6H6(GT) > 0.0090) };8.38116e-01;9.36567e-01;Pipeline { filter(PT08.S4(NO2) > 51.5000) }
datasets/airQuality_parallel.csv;nsga2;3;48;4800;4800;1.13523e+02;100;100;100;1.00000e+00;1.00000e+00;8.00000e-02;8.41752e-01;8.58252e-01;Pipeline { filter(C6H6(GT) < 42.0000) };7.11560e-01;1.00000e+00;Pipeline { filter(NOx(GT) < 82900000.0000) };8.38116e-01;9.36567e-01;Pipeline { filter(PT08.S3(NOx) < 368000000.0000) };8.38116e-01;9.36567e-01;Pipeline { filter(C6H6(GT) < 16300.0000) }
datasets/airQuality_parallel.csv;nsga2;3;49;4900;4900;1.15915e+02;100;100;100;1.00000e+00;1.00000e+00;8.00000e-02;8.41752e-01;8.58252e-01;Pipeline { filter(C6H6(GT) < 42.0000) };7.11560e-01;1.00000e+00;Pipeline { filter(NOx(GT) < 82900000.0000) };8.38116e-01;9.36567e-01;Pipeline { filter(PT08.S3(NOx) < 80300000.0000) };8.38116e-01;9.36567e-01;Pipeline { filter(RH < 205000000.0000) }
datasets/airQuality_parallel.csv;nsga2;3;50;5000;5000;1.18175e+02;100;100;100;1.00000e+00;1.00000e+00;8.00000e-02;8.41752e-01;8.58252e-01;Pipeline { filter(C6H6(GT) < 42.0000) };7.11560e-01;1.00000e+00;Pipeline { filter(NOx(GT) < 398000000.0000) };8.38116e-01;9.36567e-01;Pipeline { filter(PT08.S3(NOx) < 80300.0000) };8.38116e-01;9.36567e-01;Pipeline { filter(RH < 31300.0000) }
datasets/airQuality_parallel.csv;nsga2;4;1;100;100;3.93100e+00;100;8;82;1.00000e+00;1.00000e+00;1.30000e-01;8.38116e-01;9.36567e-01;Pipeline { filter(RH > 0.0151) };7.11284e-01;1.00000e+00;Pipeline { filter(NO2(GT) < 238000000.0000) };0.00000e+00;0.00000e+00;Pipeline { filter(PT08.S5(O3) > 3.7900) | filter(NO2(GT) < 614000.0000) | filter(PT08.S2(NMHC) < 0.0000) | filter(PT08.S1(CO) < 349000.0000) | filter(PT08.S4(NO2) < 0.0001) | filter(NOx(GT) > 43500.0000) };0.00000e+00;0.00000e+00;Pipeline { filter(NO2(GT) < 0.0026) | filter(RH > 359000.0000) | filter(PT08.S4(NO2) > 0.8180) | filter(RH > 310.0000) }
datasets/airQuality_parallel.csv;nsga2;4;2;200;200;6.28600e+00;100;26;54;1.00000e+00;1.00000e+00;1.90000e-01;8.38116e-01;9.36567e-01;Pipeline { filter(PT08.S5(O3) > 4.0000) | filter(AH < 26800.0000) };7.07174e-01;1.00000e+00;Pipeline { filter(CO(GT) > 0.0001) };8.35785e-01;9.36567e-01;Pipeline { filter(T > 0.0063) | filter(T > 0.6900) };8.38116e-01;9.36567e-01;Pipeline { filter(PT08.S2(NMHC) > 0.0630) }
datasets/airQuality_parallel.csv;nsga2;4;3;300;300;8.52300e+00;100;64;2;1.00000e+00;1.00000e+00;2.10000e-01;8.38116e-01;9.36567e-01;Pipeline { filter(C6H6(GT) > 0.0000) };7.07174e-01;1.00000e+00;Pipeline { filter(CO(GT) > 0.0001) };8.38116e-01;9.36567e-01;Pipeline { filter(C6H6(GT) > 0.0084) };6.86543e-01;9.36567e-01;Pipeline { filter(PT08.S3(NOx) < 28600000.0000) | filter(NOx(GT) > 0.0000) | filter(PT08.S2(NMHC) > 0.0003) }
datasets/airQuality_parallel.csv;nsga2;4;4;400;400;1.07930e+01;100;97;3;1.00000e+00;1.00000e+00;4.00000e-02;8.38116e-01;9.36567e-01;Pipeline { filter(PT08.S3(NOx) < 63000.0000) };7.11284e-01;1.00000e+00;Pipeline { filter(NO2(GT) < 238000000.0000) };8.38116e-01;9.36567e-01;Pipeline { filter(RH > 8.0000) };8.38116e-01;9.36567e-01;Pipeline { filter(RH > 0.0154) }
datasets/airQuality_parallel.csv;nsga2;4;5;500;500;1.33400e+01;100;100;100;1.00000e+00;1.00000e+00;2.00000e-02;8.38116e-01;9.36567e-01;Pipeline { filter(PT08.S3(NOx) < 117000000.0000) };7.11560e-01;1.00000e+00;Pipeline { filter(NOx(GT) > 0.0000) };8.38116e-01;9.36567e-01;Pipeline { filter(RH > 8.4000) };8.38116e-01;9.36567e-01;Pipeline { filter(PT08.S3(NOx) < 76700000.0000) }
datasets/airQuality_parallel.csv;nsga2;4;6;600;600;1.57070e+01;100;100;100;1.00000e+00;1.00000e+00;2.00000e-02;8.38116e-01;9.36567e-01;Pipeline { filter(RH > 0.0000) };7.11560e-01;1.00000e+00;Pipeline { filter(NOx(GT) > 0.0000) };8.38116e-01;9.36567e-01;Pipeline { filter(PT08.S2(NMHC) < 1650000000.0000) };8.38116e-01;9.36567e-01;Pipeline { filter(PT08.S4(NO2) > 1.2100) | filter(PT08.S4(NO2) > 9.8000) }
datasets/airQuality_parallel.csv;nsga2;4;7;700;700;1.81870e+01;100;100;100;1.00000e+00;1.00000e+00;2.00000e-02;8.38116e-01;9.36567e-01;Pipeline { filter(PT08.S5(O3) > 0.0000) | filter(AH < 2080.0000) };7.11560e-01;1.00000e+00;Pipeline { filter(NOx(GT) > 0.0000) };8.38116e-01;9.36567e-01;Pipeline { filter(RH < 63200.0000) };8.38116e-01;9.36567e-01;Pipeline { filter(C6H6(GT) < 3980000000.0000) }
datasets/airQuality_parallel.csv;nsga2;4;8;800;800;2.04050e+01;100;100;100;1.00000e+00;9.90000e-01;3.00000e-02;8.41486e-01;8.10484e-01;Pipeline { filter(PT08.S5(O3) > 0.0000) | filter(PT08.S5(O3) < 2180.0000) };7.11560e-01;1.00000e+00;Pipeline { filter(NOx(GT) > 0.0000) };8.38116e-01;9.36567e-01;Pipeline { filter(RH < 9360.0000) };8.38116e-01;9.36567e-01;Pipeline { filter(PT08.S5(O3) > 4.0000) | filter(PT08.S2(NMHC) > 0.0000) }
datasets/airQuality_parallel.csv;nsga2;4;9;900;900;2.27560e+01;100;100;100;1.00000e+00;1.00000e+00;3.00000e-02;8.41486e-01;8.10484e-01;Pipeline { filter(PT08.S5(O3) > 0.0000) | filter(PT08.S5(O3) < 2180.0000) };7.11560e-01;1.00000e+00;Pipeline { filter(NOx(GT) > 0.0000) };8.38116e-01;9.36567e-01;Pipeline { filter(T < 7250.0000) };8.38116e-01;9.36567e-01;Pipeline { filter(T < 7250.0000) }
datasets/airQuality_parallel.csv;nsga2;4;10;1000;1000;2.53490e+01;100;100;100;1.00000e+00;9.80000e-01;3.00000e-02;8.41486e-01;8.10484e-01;Pipeline { filter(PT08.S5(O3) > 0.0000) | filter(PT08.S5(O3) < 2180.0000) };7.11560e-01;1.00000e+00;Pipeline { filter(NOx(GT) > 0.0000) };8.38116e-01;9.36567e-01;Pipeline { filter(PT08.S5(O3) > 0.0625) | filter(PT08.S2(NMHC) < 86800.0000) };8.38116e-01;9.36567e-01;Pipeline { filter(PT08.S5(O3) > 0.0625) | filter(PT08.S2(NMHC) < 86800.0000) }
datasets/airQuality_parallel.csv;nsga2;4;11;1100;1100;2.86980e+01;100;100;100;1.00000e+00;1.00000e+00;3.00000e-02;8.41486e-01;8.10484e-01;Pipeline { filter(PT08.S5(O3) > 0.0000) | filter(PT08.S5(O3) < 2180.0000) };7.11560e-01;1.00000e+00;Pipeline { filter(NOx(GT) > 0.0000) };8.38116e-01;9.36567e-01;Pipeline { filter(RH < 2180.0000) };8.38116e-01;9.36567e-01;Pipeline { filter(RH < 2180.0000) }
datasets/airQuality_parallel.csv;nsga2;4;12;1200;1200;3.11430e+01;100;100;100;1.00000e+00;1.00000e+00;3.00000e-02;8.41486e-01;8.10484e-01;Pipeline { filter(PT08.S5(O3) > 0.0000) | filter(PT08.S5(O3) < 2180.0000) };7.11560e-01;1.00000e+00;Pipeline { filter(NOx(GT) > 0.0000) };8.38116e-01;9.36567e-01;Pipeline { filter(PT08.S5(O3) > 0.0474) | filter(PT08.S2(NMHC) > 0.9480) };8.38116e-01;9.36567e-01;Pipeline { filter(PT08.S5(O3) > 0.0474) | filter(PT08.S2(NMHC) > 0.9480) }
datasets/airQuality_parallel.csv;nsga2;4;13;1300;1300;3.36180e+01;100;100;100;1.00000e+00;9.70000e-01;3.00000e-02;8.41486e-01;8.10484e-01;Pipeline { filter(PT08.S5(O3) > 0.0000) | filter(PT08.S5(O3) < 2180.0000) };7.11560e-01;1.00000e+00;Pipeline { filter(NOx(GT) > 0.0000) };8.38116e-01;9.36567e-01;Pipeline { filter(PT08.S5(O3) > 8.3900) | filter(AH > 0.0000) };8.38116e-01;9.36567e-01;Pipeline { filter(PT08.S5(O3) > 0.0000) }
datasets/airQuality_parallel.csv;nsga2;4;14;1400;1400;3.59650e+01;100;100;100;1.00000e+00;1.00000e+00;3.00000e-02;8.41486e-01;8.10484e-01;Pipeline { filter(PT08.S5(O3) > 0.0000) | filter(PT08.S5(O3) < 2180.0000) };7.11560e-01;1.00000e+00;Pipeline { filter(NOx(GT) > 0.0000) };8.38116e-01;9.36567e-01;Pipeline { filter(RH > 7.6800) };8.38116e-01;9.36567e-01;Pipeline { filter(RH > 7.6800) }
datasets/airQuality_parallel.csv;nsga2;4;15;1500;1500;3.86310e+01;100;100;100;1.00000e+00;1.00000e+00;4.00000e-02;8.42159e-01;8.05668e-01;Pipeline { filter(PT08.S5(O3) > 0.0000) | filter(PT08.S5(O3) < 2170.0000) };7.11560e-01;1.00000e+00;Pipeline { filter(NOx(GT) > 0.0000) };8.38116e-01;9.36567e-01;Pipeline { filter(PT08.S1(CO) > 0.0600) };8.38116e-01;9.36567e-01;Pipeline { filter(PT08.S3(NOx) > 0.0000) }
datasets/airQuality_parallel.csv;nsga2;4;16;1600;1600;4.09210e+01;100;100;100;1.00000e+00;1.00000e+00;4.00000e-02;8.42159e-01;8.05668e-01;Pipeline { filter(PT08.S5(O3) > 0.0000) | filter(PT08.S5(O3) < 2170.0000) };7.11560e-01;1.00000e+00;Pipeline { filter(NOx(GT) > 0.0000) };8.38116e-01;9.36567e-01;Pipeline { filter(C6H6(GT) < 26800.0000) };8.38116e-01;9.36567e-01;Pipeline { filter(RH < 1370.0000) }
datasets/airQuality_parallel.csv;nsga2;4;17;1700;1700;4.32260e+01;100;100;100;1.00000e+00;1.00000e+00;5.00000e-02;8.42159e-01;8.05668e-01;Pipeline { filter(PT08.S5(O3) > 0.0000) | filter(PT08.S5(O3) < 2170.0000) };7.11560e-01;1.00000e+00;Pipeline { filter(NOx(GT) > 0.0000) };8.38116e-01;9.36567e-01;Pipeline { filter(PT08.S1(CO) > 0.0822) };8.38116e-01;9.36567e-01;Pipeline { filter(PT08.S5(O3) > 0.0279) | filter(AH > 0.0000) }
datasets/airQuality_parallel.csv;nsga2;4;18;1800;1800;4.59000e+01;100;100;100;1.00000e+00;9.90000e-01;5.00000e-02;8.42159e-01;8.05668e-01;Pipeline { filter(PT08.S5(O3) > 0.0000) | filter(PT08.S5(O3) < 2170.0000) };7.11560e-01;1.00000e+00;Pipeline { filter(NOx(GT) > 0.0000) };8.38116e-01;9.36567e-01;Pipeline { filter(AH > 0.0000) };8.38116e-01;9.36567e-01;Pipeline { filter(AH > 0.0000) }
datasets/airQuality_parallel.csv;nsga2;4;19;1900;1900;4.83750e+01;100;100;100;1.00000e+00;9.80000e-01;5.00000e-02;8.42159e-01;8.05668e-01;Pipeline { filter(PT08.S5(O3) > 0.0000) | filter(PT08.S5(O3) < 2170.0000) };7.11560e-01;1.00000e+00;Pipeline { filter(NOx(GT) > 0.0000) };8.38116e-01;9.36567e-01;Pipeline { filter(C6H6(GT) > 0.0199) | filter(PT08.S2(NMHC) > 0.0001) };8.38116e-01;9.36567e-01;Pipeline { filter(PT08.S4(NO2) < 8640000000.0000) }
datasets/airQuality_parallel.csv;nsga2;4;20;2000;2000;5.06600e+01;100;100;100;1.00000e+00;9.80000e-01;5.00000e-02;8.42159e-01;8.05668e-01;Pipeline { filter(PT08.S5(O3) > 0.0000) | filter(PT08.S5(O3) < 2170.0000) };7.11560e-01;1.00000e+00;Pipeline { filter(NOx(GT) > 0.0000) };8.38116e-01;9.36567e-01;Pipeline { filter(PT08.S5(O3) > 3.8900) | filter(AH > 0.0000) };8.38116e-01;9.36567e-01;Pipeline { filter(PT08.S5(O3) > 0.0084) }
datasets/airQuality_parallel.csv;nsga2;4;21;2100;2100;5.29490e+01;100;100;100;1.00000e+00;9.80000e-01;5.00000e-02;8.42159e-01;8.05668e-01;Pipeline { filter(PT08.S5(O3) > 0.0000) | filter(PT08.S5(O3) < 2170.0000) };7.11560e-01;1.00000e+00;Pipeline { filter(NOx(GT) > 0.0000) };8.38116e-01;9.36567e-01;Pipeline { filter(C6H6(GT) > 0.0000) };8.38116e-01;9.36567e-01;Pipeline { filter(PT08.S4(NO2) < 8420000000.0000) }
datasets/airQuality_parallel.csv;nsga2;4;22;2200;2200;5.54670e+01;100;100;100;1.00000e+00;1.00000e+00;6.00000e-02;8.42726e-01;7.94297e-01;Pipeline { filter(PT08.S5(O3) > 0.0000) | filter(PT08.S5(O3) < 2160.0000) };7.11560e-01;1.00000e+00;Pipeline { filter(NOx(GT) > 0.0000) };8.38116e-01;9.36567e-01;Pipeline { filter(PT08.S1(CO) > 29.3000) };8.38116e-01;9.36567e-01;Pipeline { filter(PT08.S5(O3) > 8.9200) }
datasets/airQuality_parallel.csv;nsga2;4;23;2300;2300;5.80640e+01;100;100;100;1.00000e+00;9.90000e-01;6.00000e-02;8.42726e-01;7.94297e-01;Pipeline { filter(PT08.S5(O3) > 0.0000) | filter(PT08.S5(O3) < 2160.0000) };7.11560e-01;1.00000e+00;Pipeline { filter(NOx(GT) > 0.0000) };8.38116e-01;9.36567e-01;Pipeline { filter(PT08.S5(O3) > 0.0000) | filter(PT08.S5(O3) > 0.0000) };8.38116e-01;9.36567e-01;Pipeline { filter(PT08.S3(NOx) > 0.0000) }
datasets/airQuality_parallel.csv;nsga2;4;24;2400;2400;6.03910e+01;100;100;100;1.00000e+00;1.00000e+00;6.00000e-02;8.42726e-01;7.94297e-01;Pipeline { filter(PT08.S5(O3) > 0.0000) | filter(PT08.S5(O3) < 2160.0000) };7.11560e-01;1.00000e+00;Pipeline { filter(NOx(GT) > 0.0000) };8.38116e-01;9.36567e-01;Pipeline { filter(PT08.S3(NOx) < 693000.0000) };8.38116e-01;9.36567e-01;Pipeline { filter(AH > 0.0000) }
datasets/airQuality_parallel.csv;nsga2;4;25;2500;2500;6.27970e+01;100;100;100;1.00000e+00;9.90000e-01;7.00000e-02;8.42726e-01;7.94297e-01;Pipeline { filter(PT08.S5(O3) > 0.0000) | filter(PT08.S5(O3) < 2160.0000) };7.11560e-01;1.00000e+00;Pipeline { filter(NOx(GT) > 0.0000) };8.38116e-01;9.36567e-01;Pipeline { filter(AH < 86300000.0000) };8.38116e-01;9.36567e-01;Pipeline { filter(PT08.S5(O3) > 0.0000) | filter(T < 3810000.0000) }
datasets/airQuality_parallel.csv;nsga2;4;26;2600;2600;6.52430e+01;100;100;100;1.00000e+00;9.90000e-01;7.00000e-02;8.42835e-01;7.79381e-01;Pipeline { filter(PT08.S1(CO) < 1760.0000) };7.11560e-01;1.00000e+00;Pipeline { filter(NOx(GT) > 0.0000) };8.38116e-01;9.36567e-01;Pipeline { filter(AH < 9870.0000) | filter(AH > 0.0000) };8.38116e-01;9.36567e-01;Pipeline { filter(PT08.S4(NO2) > 0.0000) }
datasets/airQuality_parallel.csv;nsga2;4;27;2700;2700;6.74430e+01;100;100;100;1.00000e+00;9.90000e-01;8.00000e-02;8.42835e-01;7.79381e-01;Pipeline { filter(PT08.S1(CO) < 1760.0000) };7.11560e-01;1.00000e+00;Pipeline { filter(NOx(GT) > 0.0000) };8.38116e-01;9.36567e-01;Pipeline { filter(PT08.S5(O3) > 0.0000) };8.38116e-01;9.36567e-01;Pipeline { filter(PT08.S2(NMHC) > 0.0571) }
datasets/airQuality_parallel.csv;nsga2;4;28;2800;2800;6.98980e+01;100;100;100;1.00000e+00;9.90000e-01;8.00000e-02;8.42835e-01;7.79381e-01;Pipeline { filter(PT08.S1(CO) < 1760.0000) };7.11560e-01;1.00000e+00;Pipeline { filter(NOx(GT) > 0.0000) };8.38116e-01;9.36567e-01;Pipeline { filter(PT08.S1(CO) > 0.7300) };8.38116e-01;9.36567e-01;Pipeline { filter(PT08.S4(NO2) < 9650000.0000) }
datasets/airQuality_parallel.csv;nsga2;4;29;2900;2900;7.23070e+01;100;100;100;1.00000e+00;9.90000e-01;8.00000e-02;8.42835e-01;7.79381e-01;Pipeline { filter(PT08.S1(CO) < 1760.0000) };7.11560e-01;1.00000e+00;Pipeline { filter(NOx(GT) > 0.0000) };8.38116e-01;9.36567e-01;Pipeline { filter(PT08.S5(O3) > 0.0305) | filter(PT08.S2(NMHC) < 533000000.0000) };8.38116e-01;9.36567e-01;Pipeline { filter(PT08.S3(NOx) > 0.0000) | filter(T < 3010000.0000) }
datasets/airQuality_parallel.csv;nsga2;4;30;3000;3000;7.46740e+01;100;100;100;1.00000e+00;9.90000e-01;9.00000e-02;8.42835e-01;7.79381e-01;Pipeline { filter(PT08.S1(CO) < 1760.0000) };7.11560e-01;1.00000e+00;Pipeline { filter(NOx(GT) > 0.0000) };8.38116e-01;9.36567e-01;Pipeline { filter(PT08.S5(O3) > 0.0000) | filter(RH < 3910000.0000) };8.38116e-01;9.36567e-01;Pipeline { filter(PT08.S4(NO2) > 0.0000) | filter(T < 5610000.0000) }
datasets/airQuality_parallel.csv;nsga2;4;31;3100;3100;7.73360e+01;100;100;100;1.00000e+00;9.90000e-01;9.00000e-02;8.42835e-01;7.79381e-01;Pipeline { filter(PT08.S1(CO) < 1760.0000) };7.11560e-01;1.00000e+00;Pipeline { filter(NOx(GT) > 0.0000) };8.38116e-01;9.36567e-01;Pipeline { filter(PT08.S1(CO) > 0.0008) };8.38116e-01;9.36567e-01;Pipeline { filter(PT08.S4(NO2) > 0.0000) | filter(T < 3250000.0000) }
datasets/airQuality_parallel.csv;nsga2;4;32;3200;3200;8.01110e+01;100;100;100;1.00000e+00;9.90000e-01;9.00000e-02;8.42835e-01;7.79381e-01;Pipeline { filter(PT08.S1(CO) < 1760.0000) };7.11560e-01;1.00000e+00;Pipeline { filter(NOx(GT) > 0.0000) };8.38116e-01;9.36567e-01;Pipeline { filter(PT08.S5(O3) > 0.0000) | filter(PT08.S4(NO2) < 3040000.0000) };8.38116e-01;9.36567e-01;Pipeline { filter(PT08.S4(NO2) > 0.0000) | filter(T < 3150000.0000) }
datasets/airQuality_parallel.csv;nsga2;4;33;3300;3300;8.25220e+01;100;100;100;1.00000e+00;9.90000e-01;1.00000e-01;8.42835e-01;7.79381e-01;Pipeline { filter(PT08.S1(CO) < 1760.0000) };7.11560e-01;1.00000e+00;Pipeline { filter(NOx(GT) > 0.0000) };8.38116e-01;9.36567e-01;Pipeline { filter(C6H6(GT) > 0.0000) | filter(C6H6(GT) < 9870000.0000) };8.38116e-01;9.36567e-01;Pipeline { filter(T < 24600000.0000) }
datasets/airQuality_parallel.csv;nsga2;4;34;3400;3400;8.48810e+01;100;100;100;1.00000e+00;9.90000e-01;1.00000e-01;8.42835e-01;7.79381e-01;Pipeline { filter(PT08.S1(CO) < 1760.0000) };7.11560e-01;1.00000e+00;Pipeline { filter(NOx(GT) > 0.0000) };8.38116e-01;9.36567e-01;Pipeline { filter(PT08.S5(O3) > 0.0000) | filter(AH < 3910000.0000) };8.38116e-01;9.36567e-01;Pipeline { filter(PT08.S5(O3) > 0.0000) | filter(T < 9010000.0000) }
datasets/airQuality_parallel.csv;nsga2;4;35;3500;3500;8.73710e+01;100;100;100;1.00000e+00;9.90000e-01;1.00000e-01;8.42835e-01;7.79381e-01;Pipeline { filter(PT08.S1(CO) < 1760.0000) };7.11560e-01;1.00000e+00;Pipeline { filter(NOx(GT) > 0.0000) };8.38116e-01;9.36567e-01;Pipeline { filter(C6H6(GT) > 0.0000) | filter(C6H6(GT) < 9870000.0000) };8.38116e-01;9.36567e-01;Pipeline { filter(PT08.S1(CO) > 0.0000) | filter(T < 4100000.0000) }
datasets/airQuality_parallel.csv;nsga2;4;36;3600;3600;8.97220e+01;100;100;100;1.00000e+00;9.80000e-01;1.10000e-01;8.42835e-01;7.79381e-01;Pipeline { filter(PT08.S1(CO) < 1760.0000) };7.11560e-01;1.00000e+00;Pipeline { filter(NOx(GT) > 0.0000) };8.38116e-01;9.36567e-01;Pipeline { filter(AH > 0.0000) | filter(T < 3350000.0000) };8.38116e-01;9.36567e-01;Pipeline { filter(C6H6(GT) > 0.0000) | filter(C6H6(GT) < 9830000.0000) }
datasets/airQuality_parallel.csv;nsga2;4;37;3700;3700;9.18960e+01;100;100;100;1.00000e+00;9.90000e-01;1.10000e-01;8.42835e-01;7.79381e-01;Pipeline { filter(PT08.S1(CO) < 1760.0000) };7.11560e-01;1.00000e+00;Pipeline { filter(NOx(GT) > 0.0000) };8.38116e-01;9.36567e-01;Pipeline { filter(RH > 6.6600) | filter(T < 3240000.0000) };8.38116e-01;9.36567e-01;Pipeline { filter(PT08.S4(NO2) > 0.0000) | filter(T < 6340000.0000) }
datasets/airQuality_parallel.csv;nsga2;4;38;3800;3800;9.45690e+01;100;100;100;1.00000e+00;9.90000e-01;1.10000e-01;8.42835e-01;7.79381e-01;Pipeline { filter(PT08.S1(CO) < 1760.0000) };7.11560e-01;1.00000e+00;Pipeline { filter(NOx(GT) > 0.0000) };8.38116e-01;9.36567e-01;Pipeline { filter(PT08.S1(CO) > 0.8950) | filter(PT08.S4(NO2) < 2670000000.0000) };8.38116e-01;9.36567e-01;Pipeline { filter(PT08.S1(CO) > 0.0016) | filter(PT08.S4(NO2) < 4910000.0000) }
datasets/airQuality_parallel.csv;nsga2;4;39;3900;3900;9.71870e+01;100;100;100;1.00000e+00;9.90000e-01;1.10000e-01;8.42835e-01;7.79381e-01;Pipeline { filter(PT08.S1(CO) < 1760.0000) };7.11560e-01;1.00000e+00;Pipeline { filter(NOx(GT) > 0.0000) };8.38116e-01;9.36567e-01;Pipeline { filter(PT08.S4(NO2) < 5650000.0000) | filter(PT08.S2(NMHC) > 0.0002) };8.38116e-01;9.36567e-01;Pipeline { filter(PT08.S1(CO) > 0.0000) | filter(C6H6(GT) > 0.0086) }
datasets/airQuality_parallel.csv;nsga2;4;40;4000;4000;9.96240e+01;100;100;100;1.00000e+00;9.90000e-01;1.10000e-01;8.42835e-01;7.79381e-01;Pipeline { filter(PT08.S1(CO) < 1760.0000) };7.11560e-01;1.00000e+00;Pipeline { filter(NOx(GT) > 0.0000) };8.38116e-01;9.36567e-01;Pipeline { filter(PT08.S1(CO) > 89.1000) };8.38116e-01;9.36567e-01;Pipeline { filter(PT08.S1(CO) > 0.0000) | filter(T < 98900.0000) }
datasets/airQuality_parallel.csv;nsga2;4;41;4100;4100;1.02022e+02;100;100;100;1.00000e+00;9.90000e-01;1.10000e-01;8.42835e-01;7.79381e-01;Pipeline { filter(PT08.S1(CO) < 1760.0000) };7.11560e-01;1.00000e+00;Pipeline { filter(NOx(GT) > 0.0000) };8.38116e-01;9.36567e-01;Pipeline { filter(AH > 0.0000) };8.38116e-01;9.36567e-01;Pipeline { filter(AH < 2900.0000) }
datasets/airQuality_parallel.csv;nsga2;4;42;4200;4200;1.04285e+02;100;100;100;1.00000e+00;9.90000e-01;1.10000e-01;8.42835e-01;7.79381e-01;Pipeline { filter(PT08.S1(CO) < 1760.0000) };7.11560e-01;1.00000e+00;Pipeline { filter(NOx(GT) > 0.0000) };8.38116e-01;9.36567e-01;Pipeline { filter(PT08.S1(CO) < 85500000.0000) };8.38116e-01;9.36567e-01;Pipeline { filter(RH > 8.9100) | filter(C6H6(GT) > 0.0076) }
datasets/airQuality_parallel.csv;nsga2;4;43;4300;4300;1.06751e+02;100;100;100;1.00000e+00;9.80000e-01;1.10000e-01;8.42835e-01;7.79381e-01;Pipeline { filter(PT08.S1(CO) < 1760.0000) };7.11560e-01;1.00000e+00;Pipeline { filter(NOx(GT) > 0.0000) };8.38116e-01;9.36567e-01;Pipeline { filter(PT08.S1(CO) > 0.7750) | filter(PT08.S4(NO2) < 4910.0000) };8.38116e-01;9.36567e-01;Pipeline { filter(PT08.S3(NOx) > 0.0000) | filter(PT08.S3(NOx) > 0.0941) }
datasets/airQuality_parallel.csv;nsga2;4;44;4400;4400;1.09774e+02;100;100;100;1.00000e+00;1.00000e+00;1.10000e-01;8.42835e-01;7.79381e-01;Pipeline { filter(PT08.S1(CO) < 1760.0000) };7.11560e-01;1.00000e+00;Pipeline { filter(NOx(GT) > 0.0000) };8.38116e-01;9.36567e-01;Pipeline { filter(C6H6(GT) < 7430000.0000) | filter(T < 9890000.0000) };8.38116e-01;9.36567e-01;Pipeline { filter(PT08.S3(NOx) < 799000000.0000) | filter(AH < 92.8000) }
datasets/airQuality_parallel.csv;nsga2;4;45;4500;4500;1.12176e+02;100;100;100;1.00000e+00;1.00000e+00;1.10000e-01;8.42835e-01;7.79381e-01;Pipeline { filter(PT08.S1(CO) < 1760.0000) };7.11560e-01;1.00000e+00;Pipeline { filter(NOx(GT) > 0.0000) };8.38116e-01;9.36567e-01;Pipeline { filter(RH > 0.0000) | filter(PT08.S5(O3) > 0.0076) };8.38116e-01;9.36567e-01;Pipeline { filter(PT08.S4(NO2) < 1150000.0000) | filter(PT08.S2(NMHC) < 5890.0000) }
datasets/airQuality_parallel.csv;nsga2;4;46;4600;4600;1.15178e+02;100;100;100;1.00000e+00;9.90000e-01;1.10000e-01;8.42835e-01;7.79381e-01;Pipeline { filter(PT08.S1(CO) < 1760.0000) };7.11560e-01;1.00000e+00;Pipeline { filter(NOx(GT) > 0.0000) };8.38116e-01;9.36567e-01;Pipeline { filter(PT08.S5(O3) < 736000000.0000) | filter(PT08.S4(NO2) > 0.4820) };8.38116e-01;9.36567e-01;Pipeline { filter(PT08.S3(NOx) > 0.0001) | filter(PT08.S3(NOx) > 0.0010) }
datasets/airQuality_parallel.csv;nsga2;4;47;4700;4700;1.17518e+02;100;100;100;1.00000e+00;1.00000e+00;1.10000e-01;8.42835e-01;7.79381e-01;Pipeline { filter(PT08.S1(CO) < 1760.0000) };7.11560e-01;1.00000e+00;Pipeline { filter(NOx(GT) > 0.0000) };8.38116e-01;9.36567e-01;Pipeline { filter(AH > 0.0088) };8.38116e-01;9.36567e-01;Pipeline { filter(C6H6(GT) > 0.0782) | filter(PT08.S5(O3) > 0.0001) }
datasets/airQuality_parallel.csv;nsga2;4;48;4800;4800;1.20168e+02;100;100;100;1.00000e+00;1.00000e+00;1.10000e-01;8.42835e-01;7.79381e-01;Pipeline { filter(PT08.S1(CO) < 1760.0000) };7.11560e-01;1.00000e+00;Pipeline { filter(NOx(GT) < 4620000.0000) };8.38116e-01;9.36567e-01;Pipeline { filter(PT08.S4(NO2) > 0.0007) };8.38116e-01;9.36567e-01;Pipeline { filter(PT08.S3(NOx) > 0.0000) | filter(PT08.S3(NOx) > 0.0009) }
datasets/airQuality_parallel.csv;nsga2;4;49;4900;4900;1.22890e+02;100;100;100;1.00000e+00;1.00000e+00;1.10000e-01;8.42835e-01;7.79381e-01;Pipeline { filter(PT08.S1(CO) < 1760.0000) };7.11560e-01;1.00000e+00;Pipeline { filter(NOx(GT) < 4620000.0000) };8.38116e-01;9.36567e-01;Pipeline { filter(C6H6(GT) > 0.0782) | filter(RH < 332000.0000) };8.38116e-01;9.36567e-01;Pipeline { filter(PT08.S4(NO2) > 0.0006) }
datasets/airQuality_parallel.csv;nsga2;4;50;5000;5000;1.25401e+02;100;100;100;1.00000e+00;1.00000e+00;1.10000e-01;8.42835e-01;7.79381e-01;Pipeline { filter(PT08.S1(CO) < 1760.0000) };7.11560e-01;1.00000e+00;Pipeline { filter(NOx(GT) < 4620000.0000) };8.38116e-01;9.36567e-01;Pipeline { filter(PT08.S3(NOx) > 0.0000) | filter(PT08.S3(NOx) > 0.0679) };8.38116e-01;9.36567e-01;Pipeline { filter(AH < 526000000.0000) }
datasets/airQuality_parallel.csv;nsga2;5;1;100;100;4.08000e+00;100;12;78;1.00000e+00;1.00000e+00;1.30000e-01;8.41386e-01;8.21429e-01;Pipeline { filter(PT08.S3(NOx) > 370.0000) };7.11284e-01;1.00000e+00;Pipeline { filter(NO2(GT) < 6550.0000) };0.00000e+00;0.00000e+00;Pipeline { filter(AH > 59000000.0000) | filter(PT08.S2(NMHC) > 4060.0000) | filter(NO2(GT) > 0.0000) | filter(PT08.S1(CO) < 0.0000) | filter(NMHC(GT) > 318000.0000) | filter(PT08.S2(NMHC) < 0.0000) | filter(PT08.S3(NOx) > 0.0051) | filter(NMHC(GT) > 0.0000) | filter(RH < 0.8780) | filter(CO(GT) > 145.0000) | filter(RH > 883000.0000) };0.00000e+00;0.00000e+00;Pipeline { filter(PT08.S2(NMHC) > 0.0055) | filter(PT08.S2(NMHC) > 0.2460) | filter(PT08.S4(NO2) > 0.0000) | filter(RH < 44.0000) | filter(NMHC(GT) < 46.5000) | filter(RH > 0.0000) | filter(CO(GT) < 844.0000) | filter(PT08.S2(NMHC) < 2900.0000) | filter(RH < 0.0000) | filter(PT08.S3(NOx) > 0.0000) }
datasets/airQuality_parallel.csv;nsga2;5;2;200;200;6.48600e+00;100;19;53;1.00000e+00;1.00000e+00;2.60000e-01;8.41386e-01;8.21429e-01;Pipeline { filter(PT08.S3(NOx) > 370.0000) };7.07174e-01;1.00000e+00;Pipeline { filter(CO(GT) > 0.0000) };7.11284e-01;1.00000e+00;Pipeline { filter(NO2(GT) < 655.0000) };8.38116e-01;9.36567e-01;Pipeline { filter(C6H6(GT) > 0.0199) }
datasets/airQuality_parallel.csv;nsga2;5;3;300;300;8.65800e+00;100;46;5;1.00000e+00;1.00000e+00;3.10000e-01;8.41386e-01;8.21429e-01;Pipeline { filter(PT08.S3(NOx) > 370.0000) };7.07174e-01;1.00000e+00;Pipeline { filter(CO(GT) > 0.0000) };8.38116e-01;9.36567e-01;Pipeline { filter(PT08.S2(NMHC) > 0.0000) };6.86264e-01;9.36567e-01;Pipeline { filter(PT08.S4(NO2) < 22400.0000) | filter(NO2(GT) < 38800000.0000) | filter(NO2(GT) > 0.0000) }
datasets/airQuality_parallel.csv;nsga2;5;4;400;400;1.10720e+01;100;92;8;1.00000e+00;1.00000e+00;6.00000e-02;8.41386e-01;8.21429e-01;Pipeline { filter(PT08.S3(NOx) > 370.0000) };7.11284e-01;1.00000e+00;Pipeline { filter(NO2(GT) > 0.0000) };8.38116e-01;9.36567e-01;Pipeline { filter(PT08.S4(NO2) > 0.0000) };8.38116e-01;9.36567e-01;Pipeline { filter(PT08.S5(O3) < 6210000000.0000) }
datasets/airQuality_parallel.csv;nsga2;5;5;500;500;1.35680e+01;100;100;100;1.00000e+00;1.00000e+00;3.00000e-02;8.41386e-01;8.21429e-01;Pipeline { filter(PT08.S3(NOx) > 370.0000) };7.11560e-01;1.00000e+00;Pipeline { filter(NOx(GT) > 0.0000) };8.38116e-01;9.36567e-01;Pipeline { filter(RH > 0.0000) };8.38116e-01;9.36567e-01;Pipeline { filter(PT08.S1(CO) > 0.0006) | filter(AH < 3.9800) | filter(RH < 292.0000) }
datasets/airQuality_parallel.csv;nsga2;5;6;600;600;1.58000e+01;100;100;100;1.00000e+00;1.00000e+00;3.00000e-02;8.41386e-01;8.21429e-01;Pipeline { filter(PT08.S3(NOx) > 370.0000) };7.11560e-01;1.00000e+00;Pipeline { filter(NOx(GT) > 0.0000) };8.38116e-01;9.36567e-01;Pipeline { filter(PT08.S5(O3) < 285000.0000) };8.38116e-01;9.36567e-01;Pipeline { filter(PT08.S5(O3) > 0.0000) | filter(PT08.S3(NOx) < 584000.0000) }
datasets/airQuality_parallel.csv;nsga2;5;7;700;700;1.82910e+01;100;100;100;1.00000e+00;1.00000e+00;3.00000e-02;8.41386e-01;8.21429e-01;Pipeline { filter(PT08.S3(NOx) > 370.0000) };7.11560e-01;1.00000e+00;Pipeline { filter(NOx(GT) > 0.0000) };8.38116e-01;9.36567e-01;Pipeline { filter(PT08.S5(O3) > 0.6220) };8.38116e-01;9.36567e-01;Pipeline { filter(PT08.S4(NO2) < 22100.0000) | filter(PT08.S5(O3) < 2570000.0000) | filter(T < 456000.0000) }
datasets/airQuality_parallel.csv;nsga2;5;8;800;800;2.06600e+01;100;100;100;1.00000e+00;1.00000e+00;3.00000e-02;8.41386e-01;8.21429e-01;Pipeline { filter(PT08.S3(NOx) > 370.0000) };7.11560e-01;1.00000e+00;Pipeline { filter(NOx(GT) > 0.0000) };8.38116e-01;9.36567e-01;Pipeline { filter(PT08.S5(O3) > 0.0811) };8.38116e-01;9.36567e-01;Pipeline { filter(PT08.S1(CO) > 0.0006) }
datasets/airQuality_parallel.csv;nsga2;5;9;900;900;2.32990e+01;100;100;100;1.00000e+00;1.00000e+00;3.00000e-02;8.41386e-01;8.21429e-01;Pipeline { filter(PT08.S3(NOx) > 370.0000) };7.11560e-01;1.00000e+00;Pipeline { filter(NOx(GT) > 0.0000) };8.38116e-01;9.36567e-01;Pipeline { filter(RH < 160000.0000) | filter(PT08.S3(NOx) < 501000.0000) };8.38116e-01;9.36567e-01;Pipeline { filter(T < 7320.0000) }
datasets/airQuality_parallel.csv;nsga2;5;10;1000;1000;2.57150e+01;100;100;100;1.00000e+00;1.00000e+00;3.00000e-02;8.41386e-01;8.21429e-01;Pipeline { filter(PT08.S3(NOx) > 370.0000) };7.11560e-01;1.00000e+00;Pipeline { filter(NOx(GT) > 0.0000) };8.38116e-01;9.36567e-01;Pipeline { filter(AH < 842000000.0000) };8.38116e-01;9.36567e-01;Pipeline { filter(PT08.S3(NOx) > 35.0000) }
datasets/airQuality_parallel.csv;nsga2;5;11;1100;1100;2.80840e+01;100;100;100;1.00000e+00;1.00000e+00;3.00000e-02;8.41386e-01;8.21429e-01;Pipeline { filter(PT08.S3(NOx) > 370.0000) };7.11560e-01;1.00000e+00;Pipeline { filter(NOx(GT) > 0.0000) };8.38116e-01;9.36567e-01;Pipeline { filter(PT08.S5(O3) < 199000000.0000) };8.38116e-01;9.36567e-01;Pipeline { filter(C6H6(GT) > 0.0670) }
datasets/airQuality_parallel.csv;nsga2;5;12;1200;1200;3.04870e+01;100;100;100;1.00000e+00;1.00000e+00;3.00000e-02;8.41386e-01;8.21429e-01;Pipeline { filter(PT08.S3(NOx) > 370.0000) };7.11560e-01;1.00000e+00;Pipeline { filter(NOx(GT) > 0.0000) };8.38116e-01;9.36567e-01;Pipeline { filter(RH < 759000.0000) };8.38116e-01;9.36567e-01;Pipeline { filter(PT08.S2(NMHC) > 0.0000) | filter(PT08.S4(NO2) < 8760.0000) | filter(RH < 282.0000) }
datasets/airQuality_parallel.csv;nsga2;5;13;1300;1300;3.28060e+01;100;100;100;1.00000e+00;1.00000e+00;3.00000e-02;8.41386e-01;8.21429e-01;Pipeline { filter(PT08.S3(NOx) > 370.0000) };7.11560e-01;1.00000e+00;Pipeline { filter(NOx(GT) > 0.0000) };8.38116e-01;9.36567e-01;Pipeline { filter(PT08.S1(CO) > 0.0000) };8.38116e-01;9.36567e-01;Pipeline { filter(PT08.S2(NMHC) > 0.0000) }
datasets/airQuality_parallel.csv;nsga2;5;14;1400;1400;3.62530e+01;100;100;100;1.00000e+00;9.90000e-01;3.00000e-02;8.41386e-01;8.21429e-01;Pipeline { filter(PT08.S3(NOx) > 370.0000) };7.11560e-01;1.00000e+00;Pipeline { filter(NOx(GT) > 0.0000) };8.38116e-01;9.36567e-01;Pipeline { filter(PT08.S5(O3) > 0.0000) };8.38116e-01;9.36567e-01;Pipeline { filter(PT08.S2(NMHC) > 0.6600) }
datasets/airQuality_parallel.csv;nsga2;5;15;1500;1500;3.86190e+01;100;100;100;1.00000e+00;1.00000e+00;3.00000e-02;8.41386e-01;8.21429e-01;Pipeline { filter(PT08.S3(NOx) > 370.0000) };7.11560e-01;1.00000e+00;Pipeline { filter(NOx(GT) > 0.0000) };8.38116e-01;9.36567e-01;Pipeline { filter(PT08.S4(NO2) < 260000000.0000) };8.38116e-01;9.36567e-01;Pipeline { filter(RH < 899000000.0000) }
datasets/airQuality_parallel.csv;nsga2;5;16;1600;1600;4.13560e+01;100;100;100;1.00000e+00;1.00000e+00;3.00000e-02;8.41386e-01;8.21429e-01;Pipeline { filter(PT08.S3(NOx) > 370.0000) };7.11560e-01;1.00000e+00;Pipeline { filter(NOx(GT) > 0.0000) };8.38116e-01;9.36567e-01;Pipeline { filter(PT08.S1(CO) < 2700000000.0000) };8.38116e-01;9.36567e-01;Pipeline { filter(T < 190000000.0000) }
datasets/airQuality_parallel.csv;nsga2;5;17;1700;1700;4.36310e+01;100;100;100;1.00000e+00;1.00000e+00;3.00000e-02;8.41386e-01;8.21429e-01;Pipeline { filter(PT08.S3(NOx) > 370.0000) };7.11560e-01;1.00000e+00;Pipeline { filter(NOx(GT) > 0.0000) };8.38116e-01;9.36567e-01;Pipeline { filter(PT08.S4(NO2) < 7920000.0000) };8.38116e-01;9.36567e-01;Pipeline { filter(PT08.S5(O3) > 0.0000) }
datasets/airQuality_parallel.csv;nsga2;5;18;1800;1800;4.61340e+01;100;100;100;1.00000e+00;1.00000e+00;3.00000e-02;8.41386e-01;8.21429e-01;Pipeline { filter(PT08.S3(NOx) > 370.0000) };7.11560e-01;1.00000e+00;Pipeline { filter(NOx(GT) > 0.0000) };8.38116e-01;9.36567e-01;Pipeline { filter(AH < 2640000.0000) };8.38116e-01;9.36567e-01;Pipeline { filter(PT08.S1(CO) > 0.5450) }
datasets/airQuality_parallel.csv;nsga2;5;19;1900;1900;4.86260e+01;100;100;100;1.00000e+00;9.80000e-01;3.00000e-02;8.41386e-01;8.21429e-01;Pipeline { filter(PT08.S3(NOx) > 370.0000) };7.11560e-01;1.00000e+00;Pipeline { filter(NOx(GT) > 0.0000) };8.38116e-01;9.36567e-01;Pipeline { filter(PT08.S2(NMHC) > 0.0000) };8.38116e-01;9.36567e-01;Pipeline { filter(PT08.S1(CO) > 0.0000) }
datasets/airQuality_parallel.csv;nsga2;5;20;2000;2000;5.10000e+01;100;100;100;1.00000e+00;1.00000e+00;3.00000e-02;8.41386e-01;8.21429e-01;Pipeline { filter(PT08.S3(NOx) > 370.0000) };7.11560e-01;1.00000e+00;Pipeline { filter(NOx(GT) > 0.0000) };8.38116e-01;9.36567e-01;Pipeline { filter(PT08.S4(NO2) < 86800000.0000) };8.38116e-01;9.36567e-01;Pipeline { filter(PT08.S2(NMHC) < 602000.0000) }
datasets/airQuality_parallel.csv;nsga2;5;21;2100;2100;5.33910e+01;100;100;100;1.00000e+00;1.00000e+00;3.00000e-02;8.41386e-01;8.21429e-01;Pipeline { filter(PT08.S3(NOx) > 370.0000) };7.11560e-01;1.00000e+00;Pipeline { filter(NOx(GT) > 0.0000) };8.38116e-01;9.36567e-01;Pipeline { filter(PT08.S5(O3) > 0.5690) };8.38116e-01;9.36567e-01;Pipeline { filter(PT08.S2(NMHC) > 0.0000) }
datasets/airQuality_parallel.csv;nsga2;5;22;2200;2200;5.57740e+01;100;100;100;1.00000e+00;1.00000e+00;3.00000e-02;8.41386e-01;8.21429e-01;Pipeline { filter(PT08.S3(NOx) > 370.0000) };7.11560e-01;1.00000e+00;Pipeline { filter(NOx(GT) > 0.0000) };8.38116e-01;9.36567e-01;Pipeline { filter(PT08.S1(CO) < 515000.0000) };8.38116e-01;9.36567e-01;Pipeline { filter(PT08.S4(NO2) > 0.0005) }
datasets/airQuality_parallel.csv;nsga2;5;23;2300;2300;5.82530e+01;100;100;100;1.00000e+00;1.00000e+00;3.00000e-02;8.41386e-01;8.21429e-01;Pipeline { filter(PT08.S3(NOx) > 370.0000) };7.11560e-01;1.00000e+00;Pipeline { filter(NOx(GT) > 0.0000) };8.38116e-01;9.36567e-01;Pipeline { filter(T < 150.0000) };8.38116e-01;9.36567e-01;Pipeline { filter(AH < 7480000.0000) }
datasets/airQuality_parallel.csv;nsga2;5;24;2400;2400;6.05970e+01;100;100;100;1.00000e+00;1.00000e+00;3.00000e-02;8.41386e-01;8.21429e-01;Pipeline { filter(PT08.S3(NOx) > 370.0000) };7.11560e-01;1.00000e+00;Pipeline { filter(NOx(GT) > 0.0000) };8.38116e-01;9.36567e-01;Pipeline { filter(T < 138.0000) };8.38116e-01;9.36567e-01;Pipeline { filter(PT08.S5(O3) > 0.0026) }
datasets/airQuality_parallel.csv;nsga2;5;25;2500;2500;6.30660e+01;100;100;100;1.00000e+00;1.00000e+00;4.00000e-02;8.41386e-01;8.21429e-01;Pipeline { filter(PT08.S3(NOx) > 370.0000) };7.11560e-01;1.00000e+00;Pipeline { filter(NOx(GT) > 0.0000) };8.38116e-01;9.36567e-01;Pipeline { filter(PT08.S5(O3) > 0.0000) };8.38116e-01;9.36567e-01;Pipeline { filter(PT08.S5(O3) > 0.0000) }
datasets/airQuality_parallel.csv;nsga2;5;26;2600;2600;6.54490e+01;100;100;100;1.00000e+00;1.00000e+00;4.00000e-02;8.41386e-01;8.21429e-01;Pipeline { filter(PT08.S3(NOx) > 370.0000) };7.11560e-01;1.00000e+00;Pipeline { filter(NOx(GT) > 0.0000) };8.38116e-01;9.36567e-01;Pipeline { filter(T < 195000000.0000) };8.38116e-01;9.36567e-01;Pipeline { filter(T < 195000000.0000) }
datasets/airQuality_parallel.csv;nsga2;5;27;2700;2700;6.78260e+01;100;100;100;1.00000e+00;1.00000e+00;4.00000e-02;8.41386e-01;8.21429e-01;Pipeline { filter(PT08.S3(NOx) > 370.0000) };7.11560e-01;1.00000e+00;Pipeline { filter(NOx(GT) > 0.0000) };8.38116e-01;9.36567e-01;Pipeline { filter(RH > 0.0000) };8.38116e-01;9.36567e-01;Pipeline { filter(RH > 0.0000) }
datasets/airQuality_parallel.csv;nsga2;5;28;2800;2800;7.02840e+01;100;100;100;1.00000e+00;1.00000e+00;4.00000e-02;8.41386e-01;8.21429e-01;Pipeline { filter(PT08.S3(NOx) > 370.0000) };7.11560e-01;1.00000e+00;Pipeline { filter(NOx(GT) > 0.0000) };8.38116e-01;9.36567e-01;Pipeline { filter(PT08.S4(NO2) < 34600000.0000) };8.38116e-01;9.36567e-01;Pipeline { filter(PT08.S4(NO2) < 34600000.0000) }
datasets/airQuality_parallel.csv;nsga2;5;29;2900;2900;7.23360e+01;100;100;100;1.00000e+00;1.00000e+00;4.00000e-02;8.41386e-01;8.21429e-01;Pipeline { filter(PT08.S3(NOx) > 370.0000) };7.11560e-01;1.00000e+00;Pipeline { filter(NOx(GT) > 0.0000) };8.38116e-01;9.36567e-01;Pipeline { filter(C6H6(GT) < 3790000000.0000) };8.38116e-01;9.36567e-01;Pipeline { filter(C6H6(GT) < 3790000000.0000) }
datasets/airQuality_parallel.csv;nsga2;5;30;3000;3000;7.49630e+01;100;100;100;1.00000e+00;9.90000e-01;6.00000e-02;8.41816e-01;7.97571e-01;Pipeline { filter(PT08.S3(NOx) > 380.0000) };7.11560e-01;1.00000e+00;Pipeline { filter(NOx(GT) > 0.0000) };8.38116e-01;9.36567e-01;Pipeline { filter(PT08.S1(CO) > 0.0003) };8.38116e-01;9.36567e-01;Pipeline { filter(PT08.S5(O3) < 57900000.0000) }
datasets/airQuality_parallel.csv;nsga2;5;31;3100;3100;7.72350e+01;100;100;100;1.00000e+00;1.00000e+00;6.00000e-02;8.41816e-01;7.97571e-01;Pipeline { filter(PT08.S3(NOx) > 380.0000) };7.11560e-01;1.00000e+00;Pipeline { filter(NOx(GT) > 0.0000) };8.38116e-01;9.36567e-01;Pipeline { filter(PT08.S5(O3) < 39700.0000) };8.38116e-01;9.36567e-01;Pipeline { filter(AH < 57800000.0000) }
datasets/airQuality_parallel.csv;nsga2;5;32;3200;3200;7.96010e+01;100;100;100;1.00000e+00;1.00000e+00;6.00000e-02;8.41816e-01;7.97571e-01;Pipeline { filter(PT08.S3(NOx) > 380.0000) };7.11560e-01;1.00000e+00;Pipeline { filter(NOx(GT) > 0.0000) };8.38116e-01;9.36567e-01;Pipeline { filter(PT08.S1(CO) > 0.0635) };8.38116e-01;9.36567e-01;Pipeline { filter(PT08.S2(NMHC) > 0.0000) }
datasets/airQuality_parallel.csv;nsga2;5;33;3300;3300;8.19680e+01;100;100;100;1.00000e+00;1.00000e+00;6.00000e-02;8.41816e-01;7.97571e-01;Pipeline { filter(PT08.S3(NOx) > 380.0000) };7.11560e-01;1.00000e+00;Pipeline { filter(NOx(GT) > 0.0000) };8.38116e-01;9.36567e-01;Pipeline { filter(PT08.S3(NOx) > 0.0000) };8.38116e-01;9.36567e-01;Pipeline { filter(PT08.S3(NOx) > 73.7000) }
datasets/airQuality_parallel.csv;nsga2;5;34;3400;3400;8.42880e+01;100;100;100;1.00000e+00;1.00000e+00;6.00000e-02;8.41816e-01;7.97571e-01;Pipeline { filter(PT08.S3(NOx) > 380.0000) };7.11560e-01;1.00000e+00;Pipeline { filter(NOx(GT) > 0.0000) };8.38116e-01;9.36567e-01;Pipeline { filter(AH > 0.0000) };8.38116e-01;9.36567e-01;Pipeline { filter(PT08.S1(CO) > 0.0000) }
datasets/airQuality_parallel.csv;nsga2;5;35;3500;3500;8.66280e+01;100;100;100;1.00000e+00;1.00000e+00;6.00000e-02;8.41816e-01;7.97571e-01;Pipeline { filter(PT08.S3(NOx) > 380.0000) };7.11560e-01;1.00000e+00;Pipeline { filter(NOx(GT) > 0.0000) };8.38116e-01;9.36567e-01;Pipeline { filter(PT08.S4(NO2) < 4480000000.0000) };8.38116e-01;9.36567e-01;Pipeline { filter(T < 3430000000.0000) }
datasets/airQuality_parallel.csv;nsga2;5;36;3600;3600;8.90670e+01;100;100;100;1.00000e+00;1.00000e+00;6.00000e-02;8.41816e-01;7.97571e-01;Pipeline { filter(PT08.S3(NOx) > 380.0000) };7.11560e-01;1.00000e+00;Pipeline { filter(NOx(GT) > 0.0000) };8.38116e-01;9.36567e-01;Pipeline { filter(PT08.S5(O3) > 0.0000) };8.38116e-01;9.36567e-01;Pipeline { filter(RH > 0.0086) }
datasets/airQuality_parallel.csv;nsga2;5;37;3700;3700;9.14090e+01;100;100;100;1.00000e+00;9.90000e-01;6.00000e-02;8.41816e-01;7.97571e-01;Pipeline { filter(PT08.S3(NOx) > 380.0000) };7.11560e-01;1.00000e+00;Pipeline { filter(NOx(GT) > 0.0000) };8.38116e-01;9.36567e-01;Pipeline { filter(PT08.S1(CO) < 28100.0000) };8.38116e-01;9.36567e-01;Pipeline { filter(C6H6(GT) < 164000000.0000) }
datasets/airQuality_parallel.csv;nsga2;5;38;3800;3800;9.37610e+01;100;100;100;1.00000e+00;1.00000e+00;6.00000e-02;8.41816e-01;7.97571e-01;Pipeline { filter(PT08.S3(NOx) > 380.0000) };7.11560e-01;1.00000e+00;Pipeline { filter(NOx(GT) > 0.0000) };8.38116e-01;9.36567e-01;Pipeline { filter(PT08.S3(NOx) > 0.0028) };8.38116e-01;9.36567e-01;Pipeline { filter(PT08.S1(CO) < 28400.0000) }
datasets/airQuality_parallel.csv;nsga2;5;39;3900;3900;9.59710e+01;100;100;100;1.00000e+00;1.00000e+00;6.00000e-02;8.41816e-01;7.97571e-01;Pipeline { filter(PT08.S3(NOx) > 380.0000) };7.11560e-01;1.00000e+00;Pipeline { filter(NOx(GT) > 0.0000) };8.38116e-01;9.36567e-01;Pipeline { filter(PT08.S5(O3) > 0.0000) };8.38116e-01;9.36567e-01;Pipeline { filter(PT08.S4(NO2) < 8960.0000) }
datasets/airQuality_parallel.csv;nsga2;5;40;4000;4000;9.81600e+01;100;100;100;1.00000e+00;9.90000e-01;6.00000e-02;8.41816e-01;7.97571e-01;Pipeline { filter(PT08.S3(NOx) > 380.0000) };7.11560e-01;1.00000e+00;Pipeline { filter(NOx(GT) > 0.0000) };8.38116e-01;9.36567e-01;Pipeline { filter(RH > 0.0000) };8.38116e-01;9.36567e-01;Pipeline { filter(PT08.S5(O3) > 0.0000) }
datasets/airQuality_parallel.csv;nsga2;5;41;4100;4100;1.00541e+02;100;100;100;1.00000e+00;1.00000e+00;6.00000e-02;8.41816e-01;7.97571e-01;Pipeline { filter(PT08.S3(NOx) > 380.0000) };7.11560e-01;1.00000e+00;Pipeline { filter(NOx(GT) > 0.0000) };8.38116e-01;9.36567e-01;Pipeline { filter(PT08.S2(NMHC) > 0.0000) };8.38116e-01;9.36567e-01;Pipeline { filter(PT08.S3(NOx) < 694000000.0000) }
datasets/airQuality_parallel.csv;nsga2;5;42;4200;4200;1.02835e+02;100;100;100;1.00000e+00;1.00000e+00;6.00000e-02;8.41816e-01;7.97571e-01;Pipeline { filter(PT08.S3(NOx) > 380.0000) };7.11560e-01;1.00000e+00;Pipeline { filter(NOx(GT) > 0.0000) };8.38116e-01;9.36567e-01;Pipeline { filter(PT08.S1(CO) > 0.0000) };8.38116e-01;9.36567e-01;Pipeline { filter(C6H6(GT) > 0.0000) }
datasets/airQuality_parallel.csv;nsga2;5;43;4300;4300;1.05179e+02;100;100;100;1.00000e+00;1.00000e+00;6.00000e-02;8.41816e-01;7.97571e-01;Pipeline { filter(PT08.S3(NOx) > 380.0000) };7.11560e-01;1.00000e+00;Pipeline { filter(NOx(GT) > 0.0000) };8.38116e-01;9.36567e-01;Pipeline { filter(T < 36700000.0000) };8.38116e-01;9.36567e-01;Pipeline { filter(PT08.S5(O3) < 6800.0000) }
datasets/airQuality_parallel.csv;nsga2;5;44;4400;4400;1.07874e+02;100;100;100;1.00000e+00;1.00000e+00;6.00000e-02;8.41816e-01;7.97571e-01;Pipeline { filter(PT08.S3(NOx) > 380.0000) };7.11560e-01;1.00000e+00;Pipeline { filter(NOx(GT) > 0.0000) };8.38116e-01;9.36567e-01;Pipeline { filter(C6H6(GT) < 9920.0000) };8.38116e-01;9.36567e-01;Pipeline { filter(AH > 0.0040) }
datasets/airQuality_parallel.csv;nsga2;5;45;4500;4500;1.10304e+02;100;100;100;1.00000e+00;1.00000e+00;6.00000e-02;8.41816e-01;7.97571e-01;Pipeline { filter(PT08.S3(NOx) > 380.0000) };7.11560e-01;1.00000e+00;Pipeline { filter(NOx(GT) > 0.0000) };8.38116e-01;9.36567e-01;Pipeline { filter(AH > 0.0000) };8.38116e-01;9.36567e-01;Pipeline { filter(PT08.S1(CO) > 0.0000) }
datasets/airQuality_parallel.csv;nsga2;5;46;4600;4600;1.12665e+02;100;100;100;1.00000e+00;1.00000e+00;6.00000e-02;8.41816e-01;7.97571e-01;Pipeline { filter(PT08.S3(NOx) > 380.0000) };7.11560e-01;1.00000e+00;Pipeline { filter(NOx(GT) > 0.0000) };8.38116e-01;9.36567e-01;Pipeline { filter(PT08.S3(NOx) > 0.5100) };8.38116e-01;9.36567e-01;Pipeline { filter(PT08.S5(O3) > 0.0004) }
datasets/airQuality_parallel.csv;nsga2;5;47;4700;4700;1.14902e+02;100;100;100;1.00000e+00;1.00000e+00;6.00000e-02;8.41816e-01;7.97571e-01;Pipeline { filter(PT08.S3(NOx) > 380.0000) };7.11560e-01;1.00000e+00;Pipeline { filter(NOx(GT) > 0.0000) };8.38116e-01;9.36567e-01;Pipeline { filter(PT08.S2(NMHC) < 76400000.0000) };8.38116e-01;9.36567e-01;Pipeline { filter(PT08.S1(CO) < 523000000.0000) }
datasets/airQuality_parallel.csv;nsga2;5;48;4800;4800;1.17618e+02;100;100;100;1.00000e+00;9.90000e-01;6.00000e-02;8.41816e-01;7.97571e-01;Pipeline { filter(PT08.S3(NOx) > 380.0000) };7.11560e-01;1.00000e+00;Pipeline { filter(NOx(GT) > 0.0000) };8.38116e-01;9.36567e-01;Pipeline { filter(PT08.S3(NOx) < 4650000000.0000) };8.38116e-01;9.36567e-01;Pipeline { filter(PT08.S4(NO2) < 5580000.0000) }
datasets/airQuality_parallel.csv;nsga2;5;49;4900;4900;1.19907e+02;100;100;100;1.00000e+00;1.00000e+00;6.00000e-02;8.41816e-01;7.97571e-01;Pipeline { filter(PT08.S3(NOx) > 380.0000) };7.11560e-01;1.00000e+00;Pipeline { filter(NOx(GT) > 0.0000) };8.38116e-01;9.36567e-01;Pipeline { filter(AH < 6130.0000) };8.38116e-01;9.36567e-01;Pipeline { filter(PT08.S3(NOx) > 140.0000) }
datasets/airQuality_parallel.csv;nsga2;5;50;5000;5000;1.22310e+02;100;100;100;1.00000e+00;1.00000e+00;7.00000e-02;8.41816e-01;7.97571e-01;Pipeline { filter(PT08.S3(NOx) > 380.0000) };7.11560e-01;1.00000e+00;Pipeline { filter(NOx(GT) > 0.0000) };8.38116e-01;9.36567e-01;Pipeline { filter(C6H6(GT) > 0.0042) };8.38116e-01;9.36567e-01;Pipeline { filter(T < 18100000.0000) }
