problem.name;solver.name;randomGenerator.seed;n.iterations;n.evals;n.births;elapsed.secs;all→size;firsts→size;lasts→size;all→each[genotype]→uniqueness;all→each[solution]→uniqueness;all→each[quality]→uniqueness;"all→percentile[quality→privacy;100]→quality→privacy";"all→percentile[quality→privacy;100]→quality→performance-similarity";"all→percentile[quality→privacy;100]→solution";"all→percentile[quality→performance-similarity;100]→quality→privacy";"all→percentile[quality→performance-similarity;100]→quality→performance-similarity";"all→percentile[quality→performance-similarity;100]→solution";"all→percentile[quality→privacy;75]→quality→privacy";"all→percentile[quality→privacy;75]→quality→performance-similarity";"all→percentile[quality→privacy;75]→solution";"all→percentile[quality→performance-similarity;75]→quality→privacy";"all→percentile[quality→performance-similarity;75]→quality→performance-similarity";"all→percentile[quality→performance-similarity;75]→solution"
datasets/geolife_60mins.csv;nsga2;1;1;100;100;4.04900e+00;100;8;67;1.00000e+00;1.00000e+00;1.50000e-01;9.26629e-01;8.17732e-01;Pipeline { filter(avg_X > 0.0000) };9.18608e-01;1.00000e+00;Pipeline { filter(avg_Y < 3410000.0000) };2.26840e-02;2.70142e-02;Pipeline { filter(avg_X < 0.0108) | filter(avg_X < 0.0010) };2.26840e-02;2.70142e-02;Pipeline { filter(avg_X < 0.0108) | filter(avg_X < 0.0010) }
datasets/geolife_60mins.csv;nsga2;1;2;200;200;6.86700e+00;100;19;11;1.00000e+00;1.00000e+00;2.30000e-01;9.26629e-01;8.17732e-01;Pipeline { filter(avg_X > 1220.0000) | filter(avg_X > 0.0006) | filter(avg_X > 2.4800) };9.18608e-01;1.00000e+00;Pipeline { filter(avg_Y < 24500000.0000) };8.85581e-01;7.04727e-01;Pipeline { filter(avg_X > 0.3770) | filter(avg_Y > 0.0000) | filter(avg_X > 256.0000) };8.77344e-01;7.26608e-01;Pipeline { filter(avg_Y > 0.3200) }
datasets/geolife_60mins.csv;nsga2;1;3;300;300;9.80500e+00;100;41;1;1.00000e+00;9.90000e-01;1.70000e-01;9.26629e-01;8.17732e-01;Pipeline { filter(avg_X > 17.6000) };9.18608e-01;1.00000e+00;Pipeline { filter(avg_Y < 23500000.0000) };9.26629e-01;8.17732e-01;Pipeline { filter(avg_X > 0.0460) };9.26629e-01;8.17732e-01;Pipeline { filter(avg_X > 0.0000) }
datasets/geolife_60mins.csv;nsga2;1;4;400;400;1.28020e+01;100;76;11;1.00000e+00;1.00000e+00;1.20000e-01;9.26629e-01;8.17732e-01;Pipeline { filter(avg_X > 0.0001) };9.18608e-01;1.00000e+00;Pipeline { filter(avg_Y < 3410000.0000) };9.26629e-01;8.17732e-01;Pipeline { filter(avg_Y < 8300000000.0000) | filter(avg_X > 3.1800) | filter(avg_X > 9.5600) };9.26629e-01;8.17732e-01;Pipeline { filter(avg_X > 3.4000) }
datasets/geolife_60mins.csv;nsga2;1;5;500;500;1.58840e+01;100;100;100;1.00000e+00;9.80000e-01;3.00000e-02;9.26629e-01;8.17732e-01;Pipeline { filter(avg_X > 0.0000) };9.18608e-01;1.00000e+00;Pipeline { filter(avg_Y < 14500000.0000) };9.26629e-01;8.17732e-01;Pipeline { filter(avg_X > 1220.0000) | filter(avg_X > 0.0005) | filter(avg_X > 2.4800) };9.18608e-01;1.00000e+00;Pipeline { filter(avg_Y < 572000000.0000) }
datasets/geolife_60mins.csv;nsga2;1;6;600;600;1.84530e+01;100;44;56;1.00000e+00;9.80000e-01;7.00000e-02;9.35757e-01;8.86896e-01;Pipeline { filter(avg_Y < 431000.0000) };9.18608e-01;1.00000e+00;Pipeline { filter(avg_X < 763000000.0000) };9.26629e-01;8.17732e-01;Pipeline { filter(avg_X > 0.0001) };9.18608e-01;1.00000e+00;Pipeline { filter(avg_Y < 9810000000.0000) }
datasets/geolife_60mins.csv;nsga2;1;7;700;700;2.10640e+01;100;70;30;1.00000e+00;1.00000e+00;9.00000e-02;9.35757e-01;8.86896e-01;Pipeline { filter(avg_Y < 431000.0000) };9.18608e-01;1.00000e+00;Pipeline { filter(avg_X < 24500000.0000) };9.26629e-01;8.17732e-01;Pipeline { filter(avg_X > 5540.0000) };9.18608e-01;1.00000e+00;Pipeline { filter(avg_Y < 26500000.0000) }
datasets/geolife_60mins.csv;nsga2;1;8;800;800;2.37260e+01;100;100;100;1.00000e+00;1.00000e+00;6.00000e-02;9.35757e-01;8.86896e-01;Pipeline { filter(avg_Y < 431000.0000) };9.18608e-01;1.00000e+00;Pipeline { filter(avg_Y < 94500000.0000) };9.18608e-01;1.00000e+00;Pipeline { filter(avg_Y < 9810000000.0000) };9.18608e-01;1.00000e+00;Pipeline { filter(avg_Y < 19900000.0000) }
datasets/geolife_60mins.csv;nsga2;1;9;900;900;2.62590e+01;100;100;100;1.00000e+00;1.00000e+00;9.00000e-02;9.35757e-01;8.86896e-01;Pipeline { filter(avg_Y < 431000.0000) };9.18608e-01;1.00000e+00;Pipeline { filter(avg_Y < 23300000.0000) };9.18608e-01;1.00000e+00;Pipeline { filter(avg_Y < 23000000.0000) };9.18608e-01;1.00000e+00;Pipeline { filter(avg_X < 7630000.0000) }
datasets/geolife_60mins.csv;nsga2;1;10;1000;1000;2.86540e+01;100;100;100;1.00000e+00;1.00000e+00;1.00000e-01;9.36568e-01;8.84918e-01;Pipeline { filter(avg_Y < 400000.0000) };9.18608e-01;1.00000e+00;Pipeline { filter(avg_Y < 9660000000.0000) };9.18608e-01;1.00000e+00;Pipeline { filter(avg_X < 16200000.0000) };9.18608e-01;1.00000e+00;Pipeline { filter(avg_Y < 912000000.0000) }
datasets/geolife_60mins.csv;nsga2;1;11;1100;1100;3.10420e+01;100;100;100;1.00000e+00;9.90000e-01;1.00000e-01;9.36568e-01;8.84918e-01;Pipeline { filter(avg_Y < 400000.0000) };9.18608e-01;1.00000e+00;Pipeline { filter(avg_Y < 8130000.0000) };9.18608e-01;1.00000e+00;Pipeline { filter(avg_X < 85800000.0000) };9.18608e-01;1.00000e+00;Pipeline { filter(avg_Y < 3650000000.0000) }
datasets/geolife_60mins.csv;nsga2;1;12;1200;1200;3.33850e+01;100;100;100;1.00000e+00;1.00000e+00;1.10000e-01;9.36568e-01;8.84918e-01;Pipeline { filter(avg_Y < 400000.0000) };9.18608e-01;1.00000e+00;Pipeline { filter(avg_X < 64000000.0000) };9.18608e-01;1.00000e+00;Pipeline { filter(avg_Y < 26500000.0000) };9.18608e-01;1.00000e+00;Pipeline { filter(avg_X < 1350000000.0000) }
datasets/geolife_60mins.csv;nsga2;1;13;1300;1300;3.57990e+01;100;100;100;1.00000e+00;1.00000e+00;1.10000e-01;9.36568e-01;8.84918e-01;Pipeline { filter(avg_Y < 400000.0000) };9.18608e-01;1.00000e+00;Pipeline { filter(avg_X < 24000000.0000) };9.18608e-01;1.00000e+00;Pipeline { filter(avg_Y < 739000000.0000) };9.18608e-01;1.00000e+00;Pipeline { filter(avg_X < 512000000.0000) }
datasets/geolife_60mins.csv;nsga2;1;14;1400;1400;3.82760e+01;100;100;100;1.00000e+00;1.00000e+00;1.20000e-01;9.36568e-01;8.84918e-01;Pipeline { filter(avg_Y < 400000.0000) };9.18608e-01;1.00000e+00;Pipeline { filter(avg_Y < 67800000.0000) };9.18608e-01;1.00000e+00;Pipeline { filter(avg_X < 8880000000.0000) };9.18608e-01;1.00000e+00;Pipeline { filter(avg_Y < 840000000.0000) }
datasets/geolife_60mins.csv;nsga2;1;15;1500;1500;4.06900e+01;100;100;100;1.00000e+00;1.00000e+00;1.20000e-01;9.36568e-01;8.84918e-01;Pipeline { filter(avg_Y < 400000.0000) };9.18608e-01;1.00000e+00;Pipeline { filter(avg_X < 61000000.0000) };9.18608e-01;1.00000e+00;Pipeline { filter(avg_Y < 9060000000.0000) };9.18608e-01;1.00000e+00;Pipeline { filter(avg_X < 8280000000.0000) }
datasets/geolife_60mins.csv;nsga2;1;16;1600;1600;4.29780e+01;100;100;100;1.00000e+00;1.00000e+00;1.20000e-01;9.36568e-01;8.84918e-01;Pipeline { filter(avg_Y < 400000.0000) };9.18608e-01;1.00000e+00;Pipeline { filter(avg_Y < 31000000.0000) };9.18608e-01;1.00000e+00;Pipeline { filter(avg_X < 2620000000.0000) };9.18608e-01;1.00000e+00;Pipeline { filter(avg_X < 282000000.0000) }
datasets/geolife_60mins.csv;nsga2;1;17;1700;1700;4.57150e+01;100;100;100;1.00000e+00;1.00000e+00;1.30000e-01;9.36568e-01;8.84918e-01;Pipeline { filter(avg_Y < 400000.0000) };9.18608e-01;1.00000e+00;Pipeline { filter(avg_Y < 9530000.0000) };9.18608e-01;1.00000e+00;Pipeline { filter(avg_Y < 336000000.0000) };9.18608e-01;1.00000e+00;Pipeline { filter(avg_Y < 1600000000.0000) }
datasets/geolife_60mins.csv;nsga2;1;18;1800;1800;4.81430e+01;100;100;100;1.00000e+00;1.00000e+00;1.30000e-01;9.36568e-01;8.84918e-01;Pipeline { filter(avg_Y < 400000.0000) };9.18608e-01;1.00000e+00;Pipeline { filter(avg_X < 61000000.0000) };9.18608e-01;1.00000e+00;Pipeline { filter(avg_Y < 53700000.0000) };9.18608e-01;1.00000e+00;Pipeline { filter(avg_X < 6430000.0000) }
datasets/geolife_60mins.csv;nsga2;1;19;1900;1900;5.06180e+01;100;100;100;1.00000e+00;1.00000e+00;1.40000e-01;9.36568e-01;8.84918e-01;Pipeline { filter(avg_Y < 400000.0000) };9.18608e-01;1.00000e+00;Pipeline { filter(avg_Y < 3530000.0000) };9.18608e-01;1.00000e+00;Pipeline { filter(avg_X < 79600000.0000) };9.18608e-01;1.00000e+00;Pipeline { filter(avg_X < 2980000000.0000) }
datasets/geolife_60mins.csv;nsga2;1;20;2000;2000;5.36310e+01;100;100;100;1.00000e+00;1.00000e+00;1.40000e-01;9.36568e-01;8.84918e-01;Pipeline { filter(avg_Y < 400000.0000) };9.18608e-01;1.00000e+00;Pipeline { filter(avg_X < 91800000.0000) };9.18608e-01;1.00000e+00;Pipeline { filter(avg_Y < 4600000.0000) };9.18608e-01;1.00000e+00;Pipeline { filter(avg_Y < 963000000.0000) }
datasets/geolife_60mins.csv;nsga2;1;21;2100;2100;5.62140e+01;100;100;100;1.00000e+00;1.00000e+00;1.40000e-01;9.36568e-01;8.84918e-01;Pipeline { filter(avg_Y < 400000.0000) };9.18608e-01;1.00000e+00;Pipeline { filter(avg_X < 1040000000.0000) };9.18608e-01;1.00000e+00;Pipeline { filter(avg_Y < 3300000.0000) };9.18608e-01;1.00000e+00;Pipeline { filter(avg_X < 95600000.0000) }
datasets/geolife_60mins.csv;nsga2;1;22;2200;2200;5.85510e+01;100;100;100;1.00000e+00;1.00000e+00;1.40000e-01;9.36568e-01;8.84918e-01;Pipeline { filter(avg_Y < 400000.0000) };9.18608e-01;1.00000e+00;Pipeline { filter(avg_X < 319000000.0000) };9.18608e-01;1.00000e+00;Pipeline { filter(avg_Y < 6730000000.0000) };9.18608e-01;1.00000e+00;Pipeline { filter(avg_Y < 3370000.0000) }
datasets/geolife_60mins.csv;nsga2;1;23;2300;2300;6.09460e+01;100;100;100;1.00000e+00;1.00000e+00;1.60000e-01;9.36568e-01;8.84918e-01;Pipeline { filter(avg_Y < 400000.0000) };9.18608e-01;1.00000e+00;Pipeline { filter(avg_X < 984000000.0000) };9.18608e-01;1.00000e+00;Pipeline { filter(avg_X < 6150000000.0000) };9.18608e-01;1.00000e+00;Pipeline { filter(avg_X < 219000000.0000) }
datasets/geolife_60mins.csv;nsga2;1;24;2400;2400;6.32510e+01;100;100;100;1.00000e+00;1.00000e+00;1.60000e-01;9.36568e-01;8.84918e-01;Pipeline { filter(avg_Y < 400000.0000) };9.18608e-01;1.00000e+00;Pipeline { filter(avg_Y < 9050000000.0000) };9.18608e-01;1.00000e+00;Pipeline { filter(avg_Y < 45800000.0000) };9.18608e-01;1.00000e+00;Pipeline { filter(avg_Y < 5600000.0000) }
datasets/geolife_60mins.csv;nsga2;1;25;2500;2500;6.57760e+01;100;100;100;1.00000e+00;1.00000e+00;1.70000e-01;9.36740e-01;8.85530e-01;Pipeline { filter(avg_Y < 402000.0000) };9.18608e-01;1.00000e+00;Pipeline { filter(avg_Y < 509000000.0000) };9.18608e-01;1.00000e+00;Pipeline { filter(avg_Y < 67300000.0000) };9.18608e-01;1.00000e+00;Pipeline { filter(avg_X < 6760000.0000) }
datasets/geolife_60mins.csv;nsga2;1;26;2600;2600;6.83390e+01;100;100;100;1.00000e+00;1.00000e+00;1.70000e-01;9.36740e-01;8.85530e-01;Pipeline { filter(avg_Y < 402000.0000) };9.18608e-01;1.00000e+00;Pipeline { filter(avg_Y < 970000000.0000) };9.18608e-01;1.00000e+00;Pipeline { filter(avg_Y < 8600000.0000) };9.18608e-01;1.00000e+00;Pipeline { filter(avg_X < 919000000.0000) }
datasets/geolife_60mins.csv;nsga2;1;27;2700;2700;7.07030e+01;100;100;100;1.00000e+00;1.00000e+00;1.70000e-01;9.36740e-01;8.85530e-01;Pipeline { filter(avg_Y < 402000.0000) };9.18608e-01;1.00000e+00;Pipeline { filter(avg_Y < 729000000.0000) };9.18608e-01;1.00000e+00;Pipeline { filter(avg_Y < 531000000.0000) };9.18608e-01;1.00000e+00;Pipeline { filter(avg_Y < 238000000.0000) }
datasets/geolife_60mins.csv;nsga2;1;28;2800;2800;7.32760e+01;100;100;100;1.00000e+00;1.00000e+00;1.70000e-01;9.36740e-01;8.85530e-01;Pipeline { filter(avg_Y < 402000.0000) };9.18608e-01;1.00000e+00;Pipeline { filter(avg_Y < 6300000.0000) };9.18608e-01;1.00000e+00;Pipeline { filter(avg_Y < 9380000000.0000) };9.18608e-01;1.00000e+00;Pipeline { filter(avg_X < 93500000.0000) }
datasets/geolife_60mins.csv;nsga2;1;29;2900;2900;7.56430e+01;100;100;100;1.00000e+00;1.00000e+00;1.70000e-01;9.36740e-01;8.85530e-01;Pipeline { filter(avg_Y < 402000.0000) };9.18608e-01;1.00000e+00;Pipeline { filter(avg_Y < 538000000.0000) };9.18608e-01;1.00000e+00;Pipeline { filter(avg_Y < 9200000000.0000) };9.18608e-01;1.00000e+00;Pipeline { filter(avg_Y < 39800000.0000) }
datasets/geolife_60mins.csv;nsga2;1;30;3000;3000;7.82680e+01;100;100;100;1.00000e+00;1.00000e+00;1.80000e-01;9.36740e-01;8.85530e-01;Pipeline { filter(avg_Y < 402000.0000) };9.18608e-01;1.00000e+00;Pipeline { filter(avg_Y < 375000000.0000) };9.18608e-01;1.00000e+00;Pipeline { filter(avg_Y < 518000000.0000) };9.18608e-01;1.00000e+00;Pipeline { filter(avg_Y < 929000000.0000) }
datasets/geolife_60mins.csv;nsga2;1;31;3100;3100;8.07170e+01;100;100;100;1.00000e+00;1.00000e+00;1.80000e-01;9.36740e-01;8.85530e-01;Pipeline { filter(avg_Y < 402000.0000) };9.18608e-01;1.00000e+00;Pipeline { filter(avg_Y < 49300000.0000) };9.18608e-01;1.00000e+00;Pipeline { filter(avg_Y < 29800000.0000) };9.18608e-01;1.00000e+00;Pipeline { filter(avg_Y < 159000000.0000) }
datasets/geolife_60mins.csv;nsga2;1;32;3200;3200;8.31250e+01;100;100;100;1.00000e+00;1.00000e+00;1.80000e-01;9.36842e-01;8.85939e-01;Pipeline { filter(avg_Y < 412000.0000) };9.18608e-01;1.00000e+00;Pipeline { filter(avg_Y < 188000000.0000) };9.18608e-01;1.00000e+00;Pipeline { filter(avg_X < 25000000.0000) };9.18608e-01;1.00000e+00;Pipeline { filter(avg_Y < 8100000.0000) }
datasets/geolife_60mins.csv;nsga2;1;33;3300;3300;8.56080e+01;100;100;100;1.00000e+00;1.00000e+00;1.80000e-01;9.36842e-01;8.85939e-01;Pipeline { filter(avg_Y < 412000.0000) };9.18608e-01;1.00000e+00;Pipeline { filter(avg_X < 9050000000.0000) };9.18608e-01;1.00000e+00;Pipeline { filter(avg_Y < 1120000000.0000) };9.18608e-01;1.00000e+00;Pipeline { filter(avg_X < 697000000.0000) }
datasets/geolife_60mins.csv;nsga2;1;34;3400;3400;8.81660e+01;100;100;100;1.00000e+00;1.00000e+00;1.80000e-01;9.36842e-01;8.85939e-01;Pipeline { filter(avg_Y < 412000.0000) };9.18608e-01;1.00000e+00;Pipeline { filter(avg_X < 47100000.0000) };9.18608e-01;1.00000e+00;Pipeline { filter(avg_Y < 47800000.0000) };9.18608e-01;1.00000e+00;Pipeline { filter(avg_Y < 5190000.0000) }
datasets/geolife_60mins.csv;nsga2;1;35;3500;3500;9.06870e+01;100;100;100;1.00000e+00;1.00000e+00;1.80000e-01;9.36842e-01;8.85939e-01;Pipeline { filter(avg_Y < 412000.0000) };9.18608e-01;1.00000e+00;Pipeline { filter(avg_Y < 7020000.0000) };9.18608e-01;1.00000e+00;Pipeline { filter(avg_X < 10800000.0000) };9.18608e-01;1.00000e+00;Pipeline { filter(avg_Y < 699000000.0000) }
datasets/geolife_60mins.csv;nsga2;1;36;3600;3600;9.30600e+01;100;100;100;1.00000e+00;1.00000e+00;1.80000e-01;9.36842e-01;8.85939e-01;Pipeline { filter(avg_Y < 412000.0000) };9.18608e-01;1.00000e+00;Pipeline { filter(avg_Y < 909000000.0000) };9.18608e-01;1.00000e+00;Pipeline { filter(avg_X < 9050000000.0000) };9.18608e-01;1.00000e+00;Pipeline { filter(avg_Y < 510000000.0000) }
datasets/geolife_60mins.csv;nsga2;1;37;3700;3700;9.53880e+01;100;100;100;1.00000e+00;1.00000e+00;1.80000e-01;9.36842e-01;8.85939e-01;Pipeline { filter(avg_Y < 412000.0000) };9.18608e-01;1.00000e+00;Pipeline { filter(avg_X < 366000000.0000) };9.18608e-01;1.00000e+00;Pipeline { filter(avg_X < 77100000.0000) };9.18608e-01;1.00000e+00;Pipeline { filter(avg_X < 804000000.0000) }
datasets/geolife_60mins.csv;nsga2;1;38;3800;3800;9.77200e+01;100;100;100;1.00000e+00;1.00000e+00;1.90000e-01;9.36842e-01;8.85939e-01;Pipeline { filter(avg_Y < 412000.0000) };9.18608e-01;1.00000e+00;Pipeline { filter(avg_X < 74100000.0000) };9.18608e-01;1.00000e+00;Pipeline { filter(avg_X < 74100000.0000) };9.18608e-01;1.00000e+00;Pipeline { filter(avg_X < 105000000.0000) }
datasets/geolife_60mins.csv;nsga2;1;39;3900;3900;1.00121e+02;100;100;100;1.00000e+00;1.00000e+00;1.90000e-01;9.36842e-01;8.85939e-01;Pipeline { filter(avg_Y < 412000.0000) };9.18608e-01;1.00000e+00;Pipeline { filter(avg_Y < 173000000.0000) };9.18608e-01;1.00000e+00;Pipeline { filter(avg_Y < 173000000.0000) };9.18608e-01;1.00000e+00;Pipeline { filter(avg_X < 70100000.0000) }
datasets/geolife_60mins.csv;nsga2;1;40;4000;4000;1.02612e+02;100;100;100;1.00000e+00;1.00000e+00;1.90000e-01;9.36842e-01;8.85939e-01;Pipeline { filter(avg_Y < 412000.0000) };9.18608e-01;1.00000e+00;Pipeline { filter(avg_Y < 32900000.0000) };9.18608e-01;1.00000e+00;Pipeline { filter(avg_Y < 32900000.0000) };9.18608e-01;1.00000e+00;Pipeline { filter(avg_Y < 82400000.0000) }
datasets/geolife_60mins.csv;nsga2;1;41;4100;4100;1.05254e+02;100;100;100;1.00000e+00;1.00000e+00;1.90000e-01;9.36842e-01;8.85939e-01;Pipeline { filter(avg_Y < 412000.0000) };9.18608e-01;1.00000e+00;Pipeline { filter(avg_X < 288000000.0000) };9.18608e-01;1.00000e+00;Pipeline { filter(avg_X < 288000000.0000) };9.18608e-01;1.00000e+00;Pipeline { filter(avg_Y < 366000000.0000) }
datasets/geolife_60mins.csv;nsga2;1;42;4200;4200;1.07483e+02;100;100;100;1.00000e+00;1.00000e+00;1.90000e-01;9.36842e-01;8.85939e-01;Pipeline { filter(avg_Y < 412000.0000) };9.18608e-01;1.00000e+00;Pipeline { filter(avg_X < 5630000.0000) };9.18771e-01;9.99454e-01;Pipeline { filter(avg_X < 4400000.0000) };9.18608e-01;1.00000e+00;Pipeline { filter(avg_X < 920000000.0000) }
datasets/geolife_60mins.csv;nsga2;1;43;4300;4300;1.09986e+02;100;100;100;1.00000e+00;9.70000e-01;1.90000e-01;9.36842e-01;8.85939e-01;Pipeline { filter(avg_Y < 412000.0000) };9.18608e-01;1.00000e+00;Pipeline { filter(avg_Y < 74200000.0000) };9.18771e-01;9.99454e-01;Pipeline { filter(avg_X < 2800000.0000) };9.18608e-01;1.00000e+00;Pipeline { filter(avg_Y < 30000000.0000) }
datasets/geolife_60mins.csv;nsga2;1;44;4400;4400;1.12940e+02;100;100;100;1.00000e+00;1.00000e+00;1.90000e-01;9.36842e-01;8.85939e-01;Pipeline { filter(avg_Y < 412000.0000) };9.18608e-01;1.00000e+00;Pipeline { filter(avg_Y < 93900000.0000) };9.18771e-01;9.99454e-01;Pipeline { filter(avg_X < 4400000.0000) };9.18608e-01;1.00000e+00;Pipeline { filter(avg_X < 74200000.0000) }
datasets/geolife_60mins.csv;nsga2;1;45;4500;4500;1.15437e+02;100;100;100;1.00000e+00;9.90000e-01;2.10000e-01;9.36842e-01;8.85939e-01;Pipeline { filter(avg_Y < 412000.0000) };9.18608e-01;1.00000e+00;Pipeline { filter(avg_Y < 7840000.0000) };9.18779e-01;9.98627e-01;Pipeline { filter(avg_X < 2550000.0000) };9.18608e-01;1.00000e+00;Pipeline { filter(avg_X < 32400000.0000) }
datasets/geolife_60mins.csv;nsga2;1;46;4600;4600;1.18224e+02;100;100;100;1.00000e+00;9.90000e-01;2.10000e-01;9.36842e-01;8.85939e-01;Pipeline { filter(avg_Y < 412000.0000) };9.18608e-01;1.00000e+00;Pipeline { filter(avg_Y < 8340000.0000) };9.18779e-01;9.98627e-01;Pipeline { filter(avg_X < 2230000.0000) };9.18608e-01;1.00000e+00;Pipeline { filter(avg_X < 8230000.0000) }
datasets/geolife_60mins.csv;nsga2;1;47;4700;4700;1.20677e+02;100;100;100;1.00000e+00;9.90000e-01;2.10000e-01;9.36842e-01;8.85939e-01;Pipeline { filter(avg_Y < 412000.0000) };9.18608e-01;1.00000e+00;Pipeline { filter(avg_Y < 7580000.0000) };9.18779e-01;9.98627e-01;Pipeline { filter(avg_X < 2550000.0000) };9.18608e-01;1.00000e+00;Pipeline { filter(avg_Y < 6570000.0000) }
datasets/geolife_60mins.csv;nsga2;1;48;4800;4800;1.23330e+02;100;100;100;1.00000e+00;9.90000e-01;2.10000e-01;9.36842e-01;8.85939e-01;Pipeline { filter(avg_Y < 412000.0000) };9.18608e-01;1.00000e+00;Pipeline { filter(avg_Y < 3510000000.0000) };9.18779e-01;9.98627e-01;Pipeline { filter(avg_X < 2230000.0000) };9.18608e-01;1.00000e+00;Pipeline { filter(avg_Y < 8340000.0000) }
datasets/geolife_60mins.csv;nsga2;1;49;4900;4900;1.25690e+02;100;100;100;1.00000e+00;9.90000e-01;2.20000e-01;9.36842e-01;8.85939e-01;Pipeline { filter(avg_Y < 412000.0000) };9.18608e-01;1.00000e+00;Pipeline { filter(avg_X < 6930000.0000) };9.18779e-01;9.98627e-01;Pipeline { filter(avg_X < 2230000.0000) };9.18608e-01;1.00000e+00;Pipeline { filter(avg_Y < 318000000.0000) }
datasets/geolife_60mins.csv;nsga2;1;50;5000;5000;1.28008e+02;100;100;100;1.00000e+00;9.90000e-01;2.20000e-01;9.36894e-01;8.86220e-01;Pipeline { filter(avg_Y < 418000.0000) };9.18608e-01;1.00000e+00;Pipeline { filter(avg_Y < 7680000.0000) };9.19009e-01;9.95989e-01;Pipeline { filter(avg_Y < 2550000.0000) };9.18608e-01;1.00000e+00;Pipeline { filter(avg_Y < 75800000.0000) }
datasets/geolife_60mins.csv;nsga2;2;1;100;100;2.00000e+00;100;7;67;1.00000e+00;1.00000e+00;1.70000e-01;9.26629e-01;8.17732e-01;Pipeline { filter(avg_X > 0.0292) };9.18608e-01;1.00000e+00;Pipeline { filter(avg_Y < 575000000.0000) };1.93200e-02;1.71560e-02;Pipeline { filter(avg_Y < 0.0001) | filter(avg_Y < 0.0000) | filter(avg_X < 0.0000) | filter(avg_X < 757.0000) | filter(avg_Y < 0.0000) };2.67762e-02;1.32638e-02;Pipeline { filter(avg_X > 0.0077) | filter(avg_Y < 40700000.0000) | filter(avg_X < 37100000.0000) | filter(avg_Y < 96000.0000) | filter(avg_Y > 0.0000) }
datasets/geolife_60mins.csv;nsga2;2;2;200;200;4.17700e+00;100;6;21;1.00000e+00;1.00000e+00;2.50000e-01;9.33116e-01;9.10327e-01;Pipeline { filter(avg_Y < 607000.0000) };9.18608e-01;1.00000e+00;Pipeline { filter(avg_Y < 319000000.0000) };8.77344e-01;7.26608e-01;Pipeline { filter(avg_Y > 0.0001) };8.77344e-01;7.26608e-01;Pipeline { filter(avg_Y > 0.0001) }
datasets/geolife_60mins.csv;nsga2;2;3;300;300;6.62200e+00;100;16;20;1.00000e+00;1.00000e+00;1.60000e-01;9.33116e-01;9.10327e-01;Pipeline { filter(avg_Y < 607000.0000) };9.18608e-01;1.00000e+00;Pipeline { filter(avg_X < 87000000.0000) };9.26629e-01;8.17732e-01;Pipeline { filter(avg_X > 670.0000) };9.26629e-01;8.17732e-01;Pipeline { filter(avg_X > 55.5000) }
datasets/geolife_60mins.csv;nsga2;2;4;400;400;9.37900e+00;100;31;17;1.00000e+00;1.00000e+00;1.20000e-01;9.33116e-01;9.10327e-01;Pipeline { filter(avg_Y < 607000.0000) };9.18608e-01;1.00000e+00;Pipeline { filter(avg_X < 319000000.0000) };9.26629e-01;8.17732e-01;Pipeline { filter(avg_X > 128.0000) };9.18608e-01;1.00000e+00;Pipeline { filter(avg_X < 87000000.0000) }
datasets/geolife_60mins.csv;nsga2;2;5;500;500;1.20210e+01;100;57;41;1.00000e+00;1.00000e+00;9.00000e-02;9.33116e-01;9.10327e-01;Pipeline { filter(avg_Y < 602000.0000) };9.18608e-01;1.00000e+00;Pipeline { filter(avg_Y < 575000000.0000) };9.26629e-01;8.17732e-01;Pipeline { filter(avg_X > 0.0000) };9.18608e-01;1.00000e+00;Pipeline { filter(avg_Y < 5150000.0000) }
datasets/geolife_60mins.csv;nsga2;2;6;600;600;1.46210e+01;100;87;11;1.00000e+00;1.00000e+00;1.20000e-01;9.33116e-01;9.10327e-01;Pipeline { filter(avg_Y < 601000.0000) };9.18608e-01;1.00000e+00;Pipeline { filter(avg_Y < 515000000.0000) };9.18914e-01;9.96350e-01;Pipeline { filter(avg_Y < 2610000.0000) };9.18608e-01;1.00000e+00;Pipeline { filter(avg_Y < 329000000.0000) }
datasets/geolife_60mins.csv;nsga2;2;7;700;700;1.71280e+01;100;100;100;1.00000e+00;1.00000e+00;9.00000e-02;9.33116e-01;9.10327e-01;Pipeline { filter(avg_Y < 601000.0000) };9.18608e-01;1.00000e+00;Pipeline { filter(avg_X < 87000000.0000) };9.18608e-01;1.00000e+00;Pipeline { filter(avg_Y < 52500000.0000) };9.18608e-01;1.00000e+00;Pipeline { filter(avg_Y < 69300000.0000) }
datasets/geolife_60mins.csv;nsga2;2;8;800;800;1.95410e+01;100;100;100;1.00000e+00;1.00000e+00;1.00000e-01;9.33116e-01;9.10327e-01;Pipeline { filter(avg_Y < 601000.0000) };9.18608e-01;1.00000e+00;Pipeline { filter(avg_X < 800000000.0000) };9.18608e-01;1.00000e+00;Pipeline { filter(avg_X < 55600000.0000) };9.18608e-01;1.00000e+00;Pipeline { filter(avg_X < 535000000.0000) }
datasets/geolife_60mins.csv;nsga2;2;9;900;900;2.20610e+01;100;100;100;1.00000e+00;1.00000e+00;1.10000e-01;9.34594e-01;8.55457e-01;Pipeline { filter(avg_Y < 240000.0000) };9.18608e-01;1.00000e+00;Pipeline { filter(avg_Y < 72000000.0000) };9.18608e-01;1.00000e+00;Pipeline { filter(avg_Y < 9170000000.0000) };9.18608e-01;1.00000e+00;Pipeline { filter(avg_Y < 376000000.0000) }
datasets/geolife_60mins.csv;nsga2;2;10;1000;1000;2.45220e+01;100;100;100;1.00000e+00;9.90000e-01;1.10000e-01;9.34594e-01;8.55457e-01;Pipeline { filter(avg_Y < 240000.0000) };9.18608e-01;1.00000e+00;Pipeline { filter(avg_Y < 26300000.0000) };9.18608e-01;1.00000e+00;Pipeline { filter(avg_X < 4990000000.0000) };9.18608e-01;1.00000e+00;Pipeline { filter(avg_Y < 3440000.0000) }
datasets/geolife_60mins.csv;nsga2;2;11;1100;1100;2.69490e+01;100;100;100;1.00000e+00;9.90000e-01;1.10000e-01;9.34594e-01;8.55457e-01;Pipeline { filter(avg_Y < 240000.0000) };9.18608e-01;1.00000e+00;Pipeline { filter(avg_Y < 7530000.0000) };9.18608e-01;1.00000e+00;Pipeline { filter(avg_Y < 2090000000.0000) };9.18608e-01;1.00000e+00;Pipeline { filter(avg_Y < 8920000000.0000) }
datasets/geolife_60mins.csv;nsga2;2;12;1200;1200;2.93080e+01;100;100;100;1.00000e+00;1.00000e+00;1.20000e-01;9.34594e-01;8.55457e-01;Pipeline { filter(avg_Y < 240000.0000) };9.18608e-01;1.00000e+00;Pipeline { filter(avg_Y < 57300000.0000) };9.18608e-01;1.00000e+00;Pipeline { filter(avg_X < 197000000.0000) };9.18608e-01;1.00000e+00;Pipeline { filter(avg_Y < 3070000.0000) }
datasets/geolife_60mins.csv;nsga2;2;13;1300;1300;3.18720e+01;100;100;100;1.00000e+00;1.00000e+00;1.30000e-01;9.34594e-01;8.55457e-01;Pipeline { filter(avg_Y < 240000.0000) };9.18608e-01;1.00000e+00;Pipeline { filter(avg_X < 86500000.0000) };9.18608e-01;1.00000e+00;Pipeline { filter(avg_X < 75300000.0000) };9.18608e-01;1.00000e+00;Pipeline { filter(avg_Y < 57600000.0000) }
datasets/geolife_60mins.csv;nsga2;2;14;1400;1400;3.43570e+01;100;100;100;1.00000e+00;1.00000e+00;1.30000e-01;9.34594e-01;8.55457e-01;Pipeline { filter(avg_Y < 240000.0000) };9.18608e-01;1.00000e+00;Pipeline { filter(avg_X < 69500000.0000) };9.18608e-01;1.00000e+00;Pipeline { filter(avg_Y < 70500000.0000) };9.18608e-01;1.00000e+00;Pipeline { filter(avg_X < 26700000.0000) }
datasets/geolife_60mins.csv;nsga2;2;15;1500;1500;3.68680e+01;100;100;100;1.00000e+00;1.00000e+00;1.30000e-01;9.34594e-01;8.55457e-01;Pipeline { filter(avg_Y < 240000.0000) };9.18608e-01;1.00000e+00;Pipeline { filter(avg_Y < 57300000.0000) };9.18608e-01;1.00000e+00;Pipeline { filter(avg_Y < 79700000.0000) };9.18608e-01;1.00000e+00;Pipeline { filter(avg_Y < 69500000.0000) }
datasets/geolife_60mins.csv;nsga2;2;16;1600;1600;3.93190e+01;100;100;100;1.00000e+00;1.00000e+00;1.40000e-01;9.34594e-01;8.55457e-01;Pipeline { filter(avg_Y < 240000.0000) };9.18608e-01;1.00000e+00;Pipeline { filter(avg_X < 551000000.0000) };9.18608e-01;1.00000e+00;Pipeline { filter(avg_X < 42800000.0000) };9.18608e-01;1.00000e+00;Pipeline { filter(avg_X < 51600000.0000) }
datasets/geolife_60mins.csv;nsga2;2;17;1700;1700;4.17400e+01;100;100;100;1.00000e+00;1.00000e+00;1.30000e-01;9.34594e-01;8.55457e-01;Pipeline { filter(avg_Y < 240000.0000) };9.18608e-01;1.00000e+00;Pipeline { filter(avg_X < 503000000.0000) };9.18608e-01;1.00000e+00;Pipeline { filter(avg_X < 4560000000.0000) };9.18608e-01;1.00000e+00;Pipeline { filter(avg_X < 5510000.0000) }
datasets/geolife_60mins.csv;nsga2;2;18;1800;1800;4.41780e+01;100;100;100;1.00000e+00;1.00000e+00;1.30000e-01;9.34594e-01;8.55457e-01;Pipeline { filter(avg_Y < 240000.0000) };9.18608e-01;1.00000e+00;Pipeline { filter(avg_Y < 57300000.0000) };9.18608e-01;1.00000e+00;Pipeline { filter(avg_Y < 9220000.0000) };9.18608e-01;1.00000e+00;Pipeline { filter(avg_X < 58500000.0000) }
datasets/geolife_60mins.csv;nsga2;2;19;1900;1900;4.63470e+01;100;100;100;1.00000e+00;1.00000e+00;1.30000e-01;9.34594e-01;8.55457e-01;Pipeline { filter(avg_Y < 240000.0000) };9.18608e-01;1.00000e+00;Pipeline { filter(avg_Y < 7250000000.0000) };9.18608e-01;1.00000e+00;Pipeline { filter(avg_X < 551000000.0000) };9.18608e-01;1.00000e+00;Pipeline { filter(avg_Y < 27200000.0000) }
datasets/geolife_60mins.csv;nsga2;2;20;2000;2000;4.88070e+01;100;100;100;1.00000e+00;1.00000e+00;1.30000e-01;9.34594e-01;8.55457e-01;Pipeline { filter(avg_Y < 240000.0000) };9.18608e-01;1.00000e+00;Pipeline { filter(avg_Y < 7670000.0000) };9.18608e-01;1.00000e+00;Pipeline { filter(avg_Y < 40900000.0000) };9.18608e-01;1.00000e+00;Pipeline { filter(avg_Y < 8050000000.0000) }
datasets/geolife_60mins.csv;nsga2;2;21;2100;2100;5.11510e+01;100;100;100;1.00000e+00;1.00000e+00;1.50000e-01;9.34594e-01;8.55457e-01;Pipeline { filter(avg_Y < 240000.0000) };9.18608e-01;1.00000e+00;Pipeline { filter(avg_Y < 4910000000.0000) };9.18608e-01;1.00000e+00;Pipeline { filter(avg_Y < 89700000.0000) };9.18608e-01;1.00000e+00;Pipeline { filter(avg_Y < 54500000.0000) }
datasets/geolife_60mins.csv;nsga2;2;22;2200;2200;5.37420e+01;100;100;100;1.00000e+00;1.00000e+00;1.50000e-01;9.34594e-01;8.55457e-01;Pipeline { filter(avg_Y < 240000.0000) };9.18608e-01;1.00000e+00;Pipeline { filter(avg_Y < 466000000.0000) };9.18608e-01;1.00000e+00;Pipeline { filter(avg_X < 34300000.0000) };9.18608e-01;1.00000e+00;Pipeline { filter(avg_Y < 187000000.0000) }
datasets/geolife_60mins.csv;nsga2;2;23;2300;2300;5.60820e+01;100;100;100;1.00000e+00;1.00000e+00;1.70000e-01;9.34594e-01;8.55457e-01;Pipeline { filter(avg_Y < 240000.0000) };9.18608e-01;1.00000e+00;Pipeline { filter(avg_X < 9320000.0000) };9.18771e-01;9.99454e-01;Pipeline { filter(avg_X < 2800000.0000) };9.18608e-01;1.00000e+00;Pipeline { filter(avg_Y < 966000000.0000) }
datasets/geolife_60mins.csv;nsga2;2;24;2400;2400;5.88530e+01;100;100;100;1.00000e+00;1.00000e+00;1.80000e-01;9.34594e-01;8.55457e-01;Pipeline { filter(avg_Y < 240000.0000) };9.18608e-01;1.00000e+00;Pipeline { filter(avg_Y < 6350000000.0000) };9.18779e-01;9.98627e-01;Pipeline { filter(avg_X < 2470000.0000) };9.18608e-01;1.00000e+00;Pipeline { filter(avg_Y < 466000000.0000) }
datasets/geolife_60mins.csv;nsga2;2;25;2500;2500;6.12900e+01;100;100;100;1.00000e+00;1.00000e+00;1.80000e-01;9.34594e-01;8.55457e-01;Pipeline { filter(avg_Y < 240000.0000) };9.18608e-01;1.00000e+00;Pipeline { filter(avg_X < 3710000000.0000) };9.18779e-01;9.98627e-01;Pipeline { filter(avg_X < 2620000.0000) };9.18608e-01;1.00000e+00;Pipeline { filter(avg_X < 8380000000.0000) }
datasets/geolife_60mins.csv;nsga2;2;26;2600;2600;6.35880e+01;100;100;100;1.00000e+00;1.00000e+00;1.80000e-01;9.34594e-01;8.55457e-01;Pipeline { filter(avg_Y < 240000.0000) };9.18608e-01;1.00000e+00;Pipeline { filter(avg_X < 70600000.0000) };9.18779e-01;9.98627e-01;Pipeline { filter(avg_X < 2470000.0000) };9.18608e-01;1.00000e+00;Pipeline { filter(avg_X < 98700000.0000) }
datasets/geolife_60mins.csv;nsga2;2;27;2700;2700;6.59170e+01;100;100;100;1.00000e+00;1.00000e+00;1.80000e-01;9.34594e-01;8.55457e-01;Pipeline { filter(avg_Y < 240000.0000) };9.18608e-01;1.00000e+00;Pipeline { filter(avg_Y < 735000000.0000) };9.18779e-01;9.98627e-01;Pipeline { filter(avg_X < 2620000.0000) };9.18608e-01;1.00000e+00;Pipeline { filter(avg_Y < 5970000.0000) }
datasets/geolife_60mins.csv;nsga2;2;28;2800;2800;6.84010e+01;100;100;100;1.00000e+00;1.00000e+00;1.80000e-01;9.35017e-01;8.56959e-01;Pipeline { filter(avg_Y < 260000.0000) };9.18608e-01;1.00000e+00;Pipeline { filter(avg_X < 6320000.0000) };9.18779e-01;9.98627e-01;Pipeline { filter(avg_X < 2470000.0000) };9.18608e-01;1.00000e+00;Pipeline { filter(avg_X < 2970000000.0000) }
datasets/geolife_60mins.csv;nsga2;2;29;2900;2900;7.07110e+01;100;100;100;1.00000e+00;1.00000e+00;1.80000e-01;9.35017e-01;8.56959e-01;Pipeline { filter(avg_Y < 260000.0000) };9.18608e-01;1.00000e+00;Pipeline { filter(avg_X < 9920000.0000) };9.18779e-01;9.98627e-01;Pipeline { filter(avg_X < 2620000.0000) };9.18608e-01;1.00000e+00;Pipeline { filter(avg_Y < 55300000.0000) }
datasets/geolife_60mins.csv;nsga2;2;30;3000;3000;7.31660e+01;100;100;100;1.00000e+00;1.00000e+00;1.80000e-01;9.35017e-01;8.56959e-01;Pipeline { filter(avg_Y < 260000.0000) };9.18608e-01;1.00000e+00;Pipeline { filter(avg_X < 8700000.0000) };9.18779e-01;9.98627e-01;Pipeline { filter(avg_X < 2470000.0000) };9.18608e-01;1.00000e+00;Pipeline { filter(avg_X < 630000000.0000) }
datasets/geolife_60mins.csv;nsga2;2;31;3100;3100;7.56360e+01;100;100;100;1.00000e+00;1.00000e+00;1.90000e-01;9.35017e-01;8.56959e-01;Pipeline { filter(avg_Y < 260000.0000) };9.18608e-01;1.00000e+00;Pipeline { filter(avg_Y < 740000000.0000) };9.18779e-01;9.98627e-01;Pipeline { filter(avg_X < 2620000.0000) };9.18608e-01;1.00000e+00;Pipeline { filter(avg_X < 436000000.0000) }
datasets/geolife_60mins.csv;nsga2;2;32;3200;3200;7.79520e+01;100;100;100;1.00000e+00;1.00000e+00;1.90000e-01;9.35017e-01;8.56959e-01;Pipeline { filter(avg_Y < 260000.0000) };9.18608e-01;1.00000e+00;Pipeline { filter(avg_X < 47500000.0000) };9.18779e-01;9.98627e-01;Pipeline { filter(avg_X < 2640000.0000) };9.18608e-01;1.00000e+00;Pipeline { filter(avg_X < 8120000.0000) }
datasets/geolife_60mins.csv;nsga2;2;33;3300;3300;8.06860e+01;100;100;100;1.00000e+00;1.00000e+00;2.20000e-01;9.35017e-01;8.56959e-01;Pipeline { filter(avg_Y < 260000.0000) };9.18608e-01;1.00000e+00;Pipeline { filter(avg_X < 654000000.0000) };9.18827e-01;9.97043e-01;Pipeline { filter(avg_Y < 2640000.0000) };9.18608e-01;1.00000e+00;Pipeline { filter(avg_Y < 740000000.0000) }
datasets/geolife_60mins.csv;nsga2;2;34;3400;3400;8.30840e+01;100;100;100;1.00000e+00;1.00000e+00;2.20000e-01;9.35017e-01;8.56959e-01;Pipeline { filter(avg_Y < 260000.0000) };9.18608e-01;1.00000e+00;Pipeline { filter(avg_Y < 8700000.0000) };9.18827e-01;9.97043e-01;Pipeline { filter(avg_Y < 2640000.0000) };9.18608e-01;1.00000e+00;Pipeline { filter(avg_Y < 66400000.0000) }
datasets/geolife_60mins.csv;nsga2;2;35;3500;3500;8.56090e+01;100;100;100;1.00000e+00;1.00000e+00;2.30000e-01;9.35017e-01;8.56959e-01;Pipeline { filter(avg_Y < 260000.0000) };9.18608e-01;1.00000e+00;Pipeline { filter(avg_Y < 75300000.0000) };9.18914e-01;9.96350e-01;Pipeline { filter(avg_Y < 2600000.0000) };9.18608e-01;1.00000e+00;Pipeline { filter(avg_X < 95400000.0000) }
datasets/geolife_60mins.csv;nsga2;2;36;3600;3600;8.78040e+01;100;100;100;1.00000e+00;1.00000e+00;2.30000e-01;9.35017e-01;8.56959e-01;Pipeline { filter(avg_Y < 260000.0000) };9.18608e-01;1.00000e+00;Pipeline { filter(avg_Y < 117000000.0000) };9.18914e-01;9.96350e-01;Pipeline { filter(avg_Y < 2610000.0000) };9.18608e-01;1.00000e+00;Pipeline { filter(avg_Y < 8590000000.0000) }
datasets/geolife_60mins.csv;nsga2;2;37;3700;3700;9.01930e+01;100;100;100;1.00000e+00;1.00000e+00;2.20000e-01;9.36808e-01;8.85756e-01;Pipeline { filter(avg_Y < 410000.0000) };9.18608e-01;1.00000e+00;Pipeline { filter(avg_X < 5570000000.0000) };9.18827e-01;9.97043e-01;Pipeline { filter(avg_Y < 2640000.0000) };9.18608e-01;1.00000e+00;Pipeline { filter(avg_Y < 782000000.0000) }
datasets/geolife_60mins.csv;nsga2;2;38;3800;3800;9.26850e+01;100;100;100;1.00000e+00;1.00000e+00;2.30000e-01;9.36808e-01;8.85756e-01;Pipeline { filter(avg_Y < 410000.0000) };9.18608e-01;1.00000e+00;Pipeline { filter(avg_Y < 8660000.0000) };9.18914e-01;9.96350e-01;Pipeline { filter(avg_Y < 2610000.0000) };9.18608e-01;1.00000e+00;Pipeline { filter(avg_X < 8940000000.0000) }
datasets/geolife_60mins.csv;nsga2;2;39;3900;3900;9.49770e+01;100;100;100;1.00000e+00;1.00000e+00;2.40000e-01;9.36808e-01;8.85756e-01;Pipeline { filter(avg_Y < 410000.0000) };9.18608e-01;1.00000e+00;Pipeline { filter(avg_Y < 5440000.0000) };9.18914e-01;9.96350e-01;Pipeline { filter(avg_Y < 2610000.0000) };9.18608e-01;1.00000e+00;Pipeline { filter(avg_Y < 490000000.0000) }
datasets/geolife_60mins.csv;nsga2;2;40;4000;4000;9.74200e+01;100;100;100;1.00000e+00;1.00000e+00;2.50000e-01;9.36808e-01;8.85756e-01;Pipeline { filter(avg_Y < 410000.0000) };9.18608e-01;1.00000e+00;Pipeline { filter(avg_X < 17700000.0000) };9.19007e-01;9.95008e-01;Pipeline { filter(avg_Y < 2490000.0000) };9.18608e-01;1.00000e+00;Pipeline { filter(avg_Y < 6860000000.0000) }
datasets/geolife_60mins.csv;nsga2;2;41;4100;4100;9.96230e+01;100;100;100;1.00000e+00;1.00000e+00;2.60000e-01;9.36808e-01;8.85756e-01;Pipeline { filter(avg_Y < 410000.0000) };9.18608e-01;1.00000e+00;Pipeline { filter(avg_Y < 790000000.0000) };9.19429e-01;9.79156e-01;Pipeline { filter(avg_Y < 2340000.0000) };9.18608e-01;1.00000e+00;Pipeline { filter(avg_Y < 553000000.0000) }
datasets/geolife_60mins.csv;nsga2;2;42;4200;4200;1.01955e+02;100;100;100;1.00000e+00;1.00000e+00;2.70000e-01;9.36808e-01;8.85756e-01;Pipeline { filter(avg_Y < 410000.0000) };9.18608e-01;1.00000e+00;Pipeline { filter(avg_Y < 96300000.0000) };9.19654e-01;9.77856e-01;Pipeline { filter(avg_Y < 2320000.0000) };9.18608e-01;1.00000e+00;Pipeline { filter(avg_Y < 214000000.0000) }
datasets/geolife_60mins.csv;nsga2;2;43;4300;4300;1.04406e+02;100;100;100;1.00000e+00;1.00000e+00;2.70000e-01;9.36808e-01;8.85756e-01;Pipeline { filter(avg_Y < 410000.0000) };9.18608e-01;1.00000e+00;Pipeline { filter(avg_Y < 73600000.0000) };9.19654e-01;9.77856e-01;Pipeline { filter(avg_Y < 2320000.0000) };9.18608e-01;1.00000e+00;Pipeline { filter(avg_Y < 790000000.0000) }
datasets/geolife_60mins.csv;nsga2;2;44;4400;4400;1.06793e+02;100;100;100;1.00000e+00;1.00000e+00;2.80000e-01;9.36808e-01;8.85756e-01;Pipeline { filter(avg_Y < 410000.0000) };9.18608e-01;1.00000e+00;Pipeline { filter(avg_Y < 212000000.0000) };9.19654e-01;9.77856e-01;Pipeline { filter(avg_Y < 2320000.0000) };9.18608e-01;1.00000e+00;Pipeline { filter(avg_X < 903000000.0000) }
datasets/geolife_60mins.csv;nsga2;2;45;4500;4500;1.09441e+02;100;100;100;1.00000e+00;1.00000e+00;2.80000e-01;9.36808e-01;8.85756e-01;Pipeline { filter(avg_Y < 410000.0000) };9.18608e-01;1.00000e+00;Pipeline { filter(avg_X < 77500000.0000) };9.19654e-01;9.77856e-01;Pipeline { filter(avg_Y < 2320000.0000) };9.18608e-01;1.00000e+00;Pipeline { filter(avg_Y < 39900000.0000) }
datasets/geolife_60mins.csv;nsga2;2;46;4600;4600;1.11947e+02;100;100;100;1.00000e+00;1.00000e+00;2.90000e-01;9.36808e-01;8.85756e-01;Pipeline { filter(avg_Y < 410000.0000) };9.18608e-01;1.00000e+00;Pipeline { filter(avg_Y < 174000000.0000) };9.19790e-01;9.75667e-01;Pipeline { filter(avg_Y < 2300000.0000) };9.18608e-01;1.00000e+00;Pipeline { filter(avg_Y < 274000000.0000) }
datasets/geolife_60mins.csv;nsga2;2;47;4700;4700;1.14442e+02;100;100;100;1.00000e+00;1.00000e+00;3.00000e-01;9.36808e-01;8.85756e-01;Pipeline { filter(avg_Y < 410000.0000) };9.18608e-01;1.00000e+00;Pipeline { filter(avg_Y < 31200000.0000) };9.19829e-01;9.75087e-01;Pipeline { filter(avg_Y < 1730000.0000) };9.18608e-01;1.00000e+00;Pipeline { filter(avg_X < 3840000000.0000) }
datasets/geolife_60mins.csv;nsga2;2;48;4800;4800;1.16861e+02;100;100;100;1.00000e+00;1.00000e+00;3.00000e-01;9.36808e-01;8.85756e-01;Pipeline { filter(avg_Y < 410000.0000) };9.18608e-01;1.00000e+00;Pipeline { filter(avg_Y < 262000000.0000) };9.19829e-01;9.75087e-01;Pipeline { filter(avg_Y < 1730000.0000) };9.18608e-01;1.00000e+00;Pipeline { filter(avg_Y < 95400000.0000) }
datasets/geolife_60mins.csv;nsga2;2;49;4900;4900;1.19191e+02;100;100;100;1.00000e+00;1.00000e+00;3.20000e-01;9.36808e-01;8.85756e-01;Pipeline { filter(avg_Y < 410000.0000) };9.18608e-01;1.00000e+00;Pipeline { filter(avg_X < 94900000.0000) };9.19832e-01;9.75067e-01;Pipeline { filter(avg_Y < 1400000.0000) };9.18608e-01;1.00000e+00;Pipeline { filter(avg_X < 96800000.0000) }
datasets/geolife_60mins.csv;nsga2;2;50;5000;5000;1.21626e+02;100;100;100;1.00000e+00;1.00000e+00;3.20000e-01;9.36808e-01;8.85756e-01;Pipeline { filter(avg_Y < 410000.0000) };9.18608e-01;1.00000e+00;Pipeline { filter(avg_Y < 89100000.0000) };9.19832e-01;9.75067e-01;Pipeline { filter(avg_Y < 1420000.0000) };9.18608e-01;1.00000e+00;Pipeline { filter(avg_X < 68500000.0000) }
datasets/geolife_60mins.csv;nsga2;3;1;100;100;2.76900e+00;100;8;67;1.00000e+00;1.00000e+00;1.80000e-01;9.26629e-01;8.17732e-01;Pipeline { filter(avg_X > 0.0000) };9.18608e-01;1.00000e+00;Pipeline { filter(avg_X < 6150000.0000) };2.06370e-02;1.80548e-02;Pipeline { filter(avg_Y < 4.7600) | filter(avg_X < 42600.0000) };2.06370e-02;1.80548e-02;Pipeline { filter(avg_Y < 4.7600) | filter(avg_X < 42600.0000) }
datasets/geolife_60mins.csv;nsga2;3;2;200;200;4.99300e+00;100;22;14;1.00000e+00;9.90000e-01;2.60000e-01;9.26629e-01;8.17732e-01;Pipeline { filter(avg_X > 0.0000) | filter(avg_Y < 6000000.0000) };9.18608e-01;1.00000e+00;Pipeline { filter(avg_X < 8750000.0000) };8.86316e-01;6.99741e-01;Pipeline { filter(avg_Y > 0.0140) | filter(avg_X > 0.0000) | filter(avg_Y < 565000.0000) };8.77344e-01;7.26608e-01;Pipeline { filter(avg_Y > 0.0000) }
datasets/geolife_60mins.csv;nsga2;3;3;300;300;7.52900e+00;100;48;1;1.00000e+00;9.80000e-01;2.40000e-01;9.26629e-01;8.17732e-01;Pipeline { filter(avg_X > 0.0046) };9.18608e-01;1.00000e+00;Pipeline { filter(avg_X < 9360000000.0000) };9.26629e-01;8.17732e-01;Pipeline { filter(avg_X > 0.0000) | filter(avg_X > 43.0000) };9.26629e-01;8.17732e-01;Pipeline { filter(avg_X > 0.0000) }
datasets/geolife_60mins.csv;nsga2;3;4;400;400;1.01100e+01;100;93;1;1.00000e+00;9.90000e-01;1.00000e-01;9.26629e-01;8.17732e-01;Pipeline { filter(avg_X > 0.0000) | filter(avg_X > 43.0000) };9.18608e-01;1.00000e+00;Pipeline { filter(avg_X < 8740000.0000) };9.26629e-01;8.17732e-01;Pipeline { filter(avg_X > 0.0000) };9.26629e-01;8.17732e-01;Pipeline { filter(avg_X > 0.0011) | filter(avg_X > 43.0000) }
datasets/geolife_60mins.csv;nsga2;3;5;500;500;1.30820e+01;100;100;100;1.00000e+00;1.00000e+00;3.00000e-02;9.26629e-01;8.17732e-01;Pipeline { filter(avg_X > 0.0000) | filter(avg_X > 43.0000) };9.18608e-01;1.00000e+00;Pipeline { filter(avg_X < 8740000.0000) };9.26629e-01;8.17732e-01;Pipeline { filter(avg_X > 0.0000) | filter(avg_X > 0.0002) };9.26629e-01;8.17732e-01;Pipeline { filter(avg_X > 0.0000) }
datasets/geolife_60mins.csv;nsga2;3;6;600;600;1.57570e+01;100;100;100;1.00000e+00;9.90000e-01;3.00000e-02;9.26629e-01;8.17732e-01;Pipeline { filter(avg_X > 0.0000) };9.18608e-01;1.00000e+00;Pipeline { filter(avg_X < 8740000.0000) };9.26629e-01;8.17732e-01;Pipeline { filter(avg_X > 0.0000) | filter(avg_Y < 183000000.0000) };9.26629e-01;8.17732e-01;Pipeline { filter(avg_X > 0.0001) }
datasets/geolife_60mins.csv;nsga2;3;7;700;700;1.82150e+01;100;100;100;1.00000e+00;1.00000e+00;3.00000e-02;9.26629e-01;8.17732e-01;Pipeline { filter(avg_X > 0.0000) };9.18608e-01;1.00000e+00;Pipeline { filter(avg_X < 8740000.0000) };9.26629e-01;8.17732e-01;Pipeline { filter(avg_X > 0.2190) };9.26629e-01;8.17732e-01;Pipeline { filter(avg_X > 0.0000) }
datasets/geolife_60mins.csv;nsga2;3;8;800;800;2.17420e+01;100;100;100;1.00000e+00;1.00000e+00;3.00000e-02;9.26629e-01;8.17732e-01;Pipeline { filter(avg_X > 0.0000) | filter(avg_X > 43.0000) };9.18608e-01;1.00000e+00;Pipeline { filter(avg_X < 8740000.0000) };9.26629e-01;8.17732e-01;Pipeline { filter(avg_X > 0.0000) | filter(avg_X < 90700000.0000) | filter(avg_Y < 506000000.0000) | filter(avg_X > 0.0010) };9.26629e-01;8.17732e-01;Pipeline { filter(avg_X > 0.0076) }
datasets/geolife_60mins.csv;nsga2;3;9;900;900;2.45000e+01;100;100;100;1.00000e+00;1.00000e+00;3.00000e-02;9.26629e-01;8.17732e-01;Pipeline { filter(avg_X > 1060.0000) };9.18608e-01;1.00000e+00;Pipeline { filter(avg_X < 8740000.0000) };9.26629e-01;8.17732e-01;Pipeline { filter(avg_X > 0.0000) };9.26629e-01;8.17732e-01;Pipeline { filter(avg_X > 0.0000) | filter(avg_X < 942000000.0000) }
datasets/geolife_60mins.csv;nsga2;3;10;1000;1000;2.72650e+01;100;100;100;1.00000e+00;9.80000e-01;3.00000e-02;9.26629e-01;8.17732e-01;Pipeline { filter(avg_X > 0.0000) };9.18608e-01;1.00000e+00;Pipeline { filter(avg_X < 8740000.0000) };9.26629e-01;8.17732e-01;Pipeline { filter(avg_X < 943000000.0000) | filter(avg_X > 0.0000) };9.26629e-01;8.17732e-01;Pipeline { filter(avg_X > 0.0000) | filter(avg_X > 0.0001) }
datasets/geolife_60mins.csv;nsga2;3;11;1100;1100;3.08860e+01;100;100;100;1.00000e+00;1.00000e+00;3.00000e-02;9.26629e-01;8.17732e-01;Pipeline { filter(avg_X < 69500000.0000) | filter(avg_X > 0.0000) };9.18608e-01;1.00000e+00;Pipeline { filter(avg_X < 8740000.0000) };9.26629e-01;8.17732e-01;Pipeline { filter(avg_X > 0.0000) | filter(avg_X > 1.2100) };9.26629e-01;8.17732e-01;Pipeline { filter(avg_X > 0.0000) | filter(avg_X > 7.6200) }
datasets/geolife_60mins.csv;nsga2;3;12;1200;1200;3.36440e+01;100;100;100;1.00000e+00;9.90000e-01;3.00000e-02;9.26629e-01;8.17732e-01;Pipeline { filter(avg_X < 943000000.0000) | filter(avg_X > 0.0000) };9.18608e-01;1.00000e+00;Pipeline { filter(avg_X < 8740000.0000) };9.26629e-01;8.17732e-01;Pipeline { filter(avg_X > 0.9650) | filter(avg_X > 0.0000) };9.26629e-01;8.17732e-01;Pipeline { filter(avg_X > 0.0001) }
datasets/geolife_60mins.csv;nsga2;3;13;1300;1300;3.66380e+01;100;100;100;1.00000e+00;9.90000e-01;3.00000e-02;9.26629e-01;8.17732e-01;Pipeline { filter(avg_X > 0.0000) | filter(avg_X > 0.0000) };9.18608e-01;1.00000e+00;Pipeline { filter(avg_X < 8740000.0000) };9.26629e-01;8.17732e-01;Pipeline { filter(avg_X > 0.0000) };9.26629e-01;8.17732e-01;Pipeline { filter(avg_X > 0.0000) | filter(avg_X > 0.0750) }
datasets/geolife_60mins.csv;nsga2;3;14;1400;1400;3.92840e+01;100;100;100;1.00000e+00;1.00000e+00;3.00000e-02;9.26629e-01;8.17732e-01;Pipeline { filter(avg_X > 1.3900) | filter(avg_X > 0.0000) };9.18608e-01;1.00000e+00;Pipeline { filter(avg_X < 8740000.0000) };9.26629e-01;8.17732e-01;Pipeline { filter(avg_X > 7.9500) };9.26629e-01;8.17732e-01;Pipeline { filter(avg_X > 0.0000) | filter(avg_X > 0.0000) }
datasets/geolife_60mins.csv;nsga2;3;15;1500;1500;4.20190e+01;100;6;94;1.00000e+00;9.90000e-01;6.00000e-02;9.30168e-01;8.45522e-01;Pipeline { filter(avg_Y < 185000.0000) };9.18608e-01;1.00000e+00;Pipeline { filter(avg_Y < 48000000.0000) };9.26629e-01;8.17732e-01;Pipeline { filter(avg_X > 0.0791) | filter(avg_X > 2.9300) };9.26629e-01;8.17732e-01;Pipeline { filter(avg_X > 0.0001) }
datasets/geolife_60mins.csv;nsga2;3;16;1600;1600;4.46460e+01;100;10;87;1.00000e+00;9.90000e-01;9.00000e-02;9.30515e-01;8.46311e-01;Pipeline { filter(avg_Y < 188000.0000) };9.18608e-01;1.00000e+00;Pipeline { filter(avg_X < 8740000.0000) };9.26629e-01;8.17732e-01;Pipeline { filter(avg_X > 0.0000) };9.26629e-01;8.17732e-01;Pipeline { filter(avg_X > 0.0000) | filter(avg_X > 0.0759) }
datasets/geolife_60mins.csv;nsga2;3;17;1700;1700;4.73470e+01;100;14;79;1.00000e+00;1.00000e+00;1.40000e-01;9.30515e-01;8.46311e-01;Pipeline { filter(avg_Y < 188000.0000) };9.18608e-01;1.00000e+00;Pipeline { filter(avg_X < 557000000.0000) };9.26629e-01;8.17732e-01;Pipeline { filter(avg_X > 0.0001) };9.26629e-01;8.17732e-01;Pipeline { filter(avg_X > 0.3530) | filter(avg_X > 4.1300) }
datasets/geolife_60mins.csv;nsga2;3;18;1800;1800;4.99430e+01;100;26;64;1.00000e+00;1.00000e+00;1.80000e-01;9.30515e-01;8.46311e-01;Pipeline { filter(avg_Y < 188000.0000) };9.18608e-01;1.00000e+00;Pipeline { filter(avg_X < 874000000.0000) };9.26629e-01;8.17732e-01;Pipeline { filter(avg_X > 0.3540) | filter(avg_X > 4.1300) };9.22852e-01;9.26628e-01;Pipeline { filter(avg_Y < 878000.0000) }
datasets/geolife_60mins.csv;nsga2;3;19;1900;1900;5.30160e+01;100;44;40;1.00000e+00;1.00000e+00;2.30000e-01;9.30515e-01;8.46311e-01;Pipeline { filter(avg_Y < 188000.0000) };9.18608e-01;1.00000e+00;Pipeline { filter(avg_Y < 48000000.0000) };9.26629e-01;8.17732e-01;Pipeline { filter(avg_X > 113.0000) };9.18608e-01;1.00000e+00;Pipeline { filter(avg_X < 87400000.0000) }
datasets/geolife_60mins.csv;nsga2;3;20;2000;2000;5.54600e+01;100;70;10;1.00000e+00;1.00000e+00;2.70000e-01;9.33909e-01;9.09998e-01;Pipeline { filter(avg_Y < 580000.0000) };9.18608e-01;1.00000e+00;Pipeline { filter(avg_Y < 18000000.0000) };9.20761e-01;9.22739e-01;Pipeline { filter(avg_Y < 825000.0000) };9.18608e-01;1.00000e+00;Pipeline { filter(avg_Y < 172000000.0000) }
datasets/geolife_60mins.csv;nsga2;3;21;2100;2100;5.78870e+01;100;100;100;1.00000e+00;1.00000e+00;1.20000e-01;9.33909e-01;9.09998e-01;Pipeline { filter(avg_Y < 580000.0000) };9.18608e-01;1.00000e+00;Pipeline { filter(avg_X < 814000000.0000) };9.18608e-01;1.00000e+00;Pipeline { filter(avg_X < 2800000000.0000) };9.18608e-01;1.00000e+00;Pipeline { filter(avg_Y < 540000000.0000) }
datasets/geolife_60mins.csv;nsga2;3;22;2200;2200;6.02090e+01;100;100;100;1.00000e+00;1.00000e+00;1.20000e-01;9.33909e-01;9.09998e-01;Pipeline { filter(avg_Y < 580000.0000) };9.18608e-01;1.00000e+00;Pipeline { filter(avg_Y < 8760000.0000) };9.18608e-01;1.00000e+00;Pipeline { filter(avg_X < 50800000.0000) };9.18608e-01;1.00000e+00;Pipeline { filter(avg_Y < 88000000.0000) }
datasets/geolife_60mins.csv;nsga2;3;23;2300;2300;6.26470e+01;100;100;100;1.00000e+00;9.90000e-01;1.20000e-01;9.33909e-01;9.09998e-01;Pipeline { filter(avg_Y < 580000.0000) };9.18608e-01;1.00000e+00;Pipeline { filter(avg_Y < 2430000000.0000) };9.18608e-01;1.00000e+00;Pipeline { filter(avg_Y < 5850000000.0000) };9.18608e-01;1.00000e+00;Pipeline { filter(avg_X < 88000000.0000) }
datasets/geolife_60mins.csv;nsga2;3;24;2400;2400;6.50410e+01;100;100;100;1.00000e+00;1.00000e+00;1.30000e-01;9.35509e-01;8.80658e-01;Pipeline { filter(avg_Y < 380000.0000) };9.18608e-01;1.00000e+00;Pipeline { filter(avg_Y < 61100000.0000) };9.18608e-01;1.00000e+00;Pipeline { filter(avg_Y < 2000000000.0000) };9.18608e-01;1.00000e+00;Pipeline { filter(avg_Y < 46300000.0000) }
datasets/geolife_60mins.csv;nsga2;3;25;2500;2500;6.72860e+01;100;100;100;1.00000e+00;1.00000e+00;1.30000e-01;9.35509e-01;8.80658e-01;Pipeline { filter(avg_Y < 380000.0000) };9.18608e-01;1.00000e+00;Pipeline { filter(avg_Y < 79000000.0000) };9.18608e-01;1.00000e+00;Pipeline { filter(avg_Y < 11000000.0000) };9.18608e-01;1.00000e+00;Pipeline { filter(avg_Y < 57200000.0000) }
datasets/geolife_60mins.csv;nsga2;3;26;2600;2600;7.00560e+01;100;100;100;1.00000e+00;1.00000e+00;1.30000e-01;9.35509e-01;8.80658e-01;Pipeline { filter(avg_Y < 380000.0000) };9.18608e-01;1.00000e+00;Pipeline { filter(avg_X < 457000000.0000) };9.18608e-01;1.00000e+00;Pipeline { filter(avg_Y < 45200000.0000) };9.18608e-01;1.00000e+00;Pipeline { filter(avg_X < 27000000.0000) }
datasets/geolife_60mins.csv;nsga2;3;27;2700;2700;7.23600e+01;100;100;100;1.00000e+00;1.00000e+00;1.30000e-01;9.35509e-01;8.80658e-01;Pipeline { filter(avg_Y < 380000.0000) };9.18608e-01;1.00000e+00;Pipeline { filter(avg_X < 7700000.0000) };9.18608e-01;1.00000e+00;Pipeline { filter(avg_Y < 61100000.0000) };9.18608e-01;1.00000e+00;Pipeline { filter(avg_Y < 4290000.0000) }
datasets/geolife_60mins.csv;nsga2;3;28;2800;2800;7.48170e+01;100;100;100;1.00000e+00;1.00000e+00;1.30000e-01;9.35509e-01;8.80658e-01;Pipeline { filter(avg_Y < 380000.0000) };9.18608e-01;1.00000e+00;Pipeline { filter(avg_Y < 79000000.0000) };9.18608e-01;1.00000e+00;Pipeline { filter(avg_Y < 5810000000.0000) };9.18608e-01;1.00000e+00;Pipeline { filter(avg_X < 9010000000.0000) }
datasets/geolife_60mins.csv;nsga2;3;29;2900;2900;7.72690e+01;100;100;100;1.00000e+00;1.00000e+00;1.40000e-01;9.35509e-01;8.80658e-01;Pipeline { filter(avg_Y < 380000.0000) };9.18608e-01;1.00000e+00;Pipeline { filter(avg_Y < 2410000000.0000) };9.18608e-01;1.00000e+00;Pipeline { filter(avg_Y < 870000000.0000) };9.18608e-01;1.00000e+00;Pipeline { filter(avg_Y < 7700000.0000) }
datasets/geolife_60mins.csv;nsga2;3;30;3000;3000;7.96020e+01;100;100;100;1.00000e+00;1.00000e+00;1.40000e-01;9.35509e-01;8.80658e-01;Pipeline { filter(avg_Y < 380000.0000) };9.18608e-01;1.00000e+00;Pipeline { filter(avg_Y < 83300000.0000) };9.18608e-01;1.00000e+00;Pipeline { filter(avg_Y < 98100000.0000) };9.18608e-01;1.00000e+00;Pipeline { filter(avg_Y < 1040000000.0000) }
datasets/geolife_60mins.csv;nsga2;3;31;3100;3100;8.21500e+01;100;100;100;1.00000e+00;1.00000e+00;1.40000e-01;9.35509e-01;8.80658e-01;Pipeline { filter(avg_Y < 380000.0000) };9.18608e-01;1.00000e+00;Pipeline { filter(avg_X < 295000000.0000) };9.18608e-01;1.00000e+00;Pipeline { filter(avg_Y < 80000000.0000) };9.18608e-01;1.00000e+00;Pipeline { filter(avg_Y < 58100000.0000) }
datasets/geolife_60mins.csv;nsga2;3;32;3200;3200;8.45330e+01;100;100;100;1.00000e+00;1.00000e+00;1.40000e-01;9.35509e-01;8.80658e-01;Pipeline { filter(avg_Y < 380000.0000) };9.18608e-01;1.00000e+00;Pipeline { filter(avg_Y < 9230000.0000) };9.18608e-01;1.00000e+00;Pipeline { filter(avg_X < 2900000000.0000) };9.18608e-01;1.00000e+00;Pipeline { filter(avg_Y < 2160000000.0000) }
datasets/geolife_60mins.csv;nsga2;3;33;3300;3300;8.69620e+01;100;100;100;1.00000e+00;1.00000e+00;1.40000e-01;9.36808e-01;8.85756e-01;Pipeline { filter(avg_Y < 410000.0000) };9.18608e-01;1.00000e+00;Pipeline { filter(avg_Y < 24100000.0000) };9.18608e-01;1.00000e+00;Pipeline { filter(avg_Y < 3140000000.0000) };9.18608e-01;1.00000e+00;Pipeline { filter(avg_Y < 21500000.0000) }
datasets/geolife_60mins.csv;nsga2;3;34;3400;3400;8.93840e+01;100;100;100;1.00000e+00;1.00000e+00;1.60000e-01;9.36808e-01;8.85756e-01;Pipeline { filter(avg_Y < 410000.0000) };9.18608e-01;1.00000e+00;Pipeline { filter(avg_Y < 1440000000.0000) };9.18608e-01;1.00000e+00;Pipeline { filter(avg_X < 148000000.0000) };9.18608e-01;1.00000e+00;Pipeline { filter(avg_Y < 20800000.0000) }
datasets/geolife_60mins.csv;nsga2;3;35;3500;3500;9.18380e+01;100;100;100;1.00000e+00;1.00000e+00;1.70000e-01;9.36808e-01;8.85756e-01;Pipeline { filter(avg_Y < 410000.0000) };9.18608e-01;1.00000e+00;Pipeline { filter(avg_X < 67000000.0000) };9.18608e-01;1.00000e+00;Pipeline { filter(avg_Y < 9230000.0000) };9.18608e-01;1.00000e+00;Pipeline { filter(avg_Y < 386000000.0000) }
datasets/geolife_60mins.csv;nsga2;3;36;3600;3600;9.41040e+01;100;100;100;1.00000e+00;1.00000e+00;1.70000e-01;9.36808e-01;8.85756e-01;Pipeline { filter(avg_Y < 410000.0000) };9.18608e-01;1.00000e+00;Pipeline { filter(avg_Y < 24300000.0000) };9.18608e-01;1.00000e+00;Pipeline { filter(avg_Y < 34500000.0000) };9.18608e-01;1.00000e+00;Pipeline { filter(avg_Y < 779000000.0000) }
datasets/geolife_60mins.csv;nsga2;3;37;3700;3700;9.72250e+01;100;100;100;1.00000e+00;1.00000e+00;1.90000e-01;9.36808e-01;8.85756e-01;Pipeline { filter(avg_Y < 410000.0000) };9.18608e-01;1.00000e+00;Pipeline { filter(avg_Y < 28800000.0000) };9.18608e-01;1.00000e+00;Pipeline { filter(avg_Y < 28800000.0000) };9.18608e-01;1.00000e+00;Pipeline { filter(avg_X < 8360000.0000) }
datasets/geolife_60mins.csv;nsga2;3;38;3800;3800;9.96670e+01;100;100;100;1.00000e+00;1.00000e+00;2.00000e-01;9.36808e-01;8.85756e-01;Pipeline { filter(avg_Y < 410000.0000) };9.18608e-01;1.00000e+00;Pipeline { filter(avg_X < 276000000.0000) };9.18771e-01;9.99454e-01;Pipeline { filter(avg_X < 3700000.0000) };9.18608e-01;1.00000e+00;Pipeline { filter(avg_X < 3130000000.0000) }
datasets/geolife_60mins.csv;nsga2;3;39;3900;3900;1.02410e+02;100;100;100;1.00000e+00;1.00000e+00;2.00000e-01;9.36808e-01;8.85756e-01;Pipeline { filter(avg_Y < 410000.0000) };9.18608e-01;1.00000e+00;Pipeline { filter(avg_Y < 38000000.0000) };9.18771e-01;9.99454e-01;Pipeline { filter(avg_X < 2810000.0000) };9.18608e-01;1.00000e+00;Pipeline { filter(avg_Y < 9240000000.0000) }
datasets/geolife_60mins.csv;nsga2;3;40;4000;4000;1.04815e+02;100;100;100;1.00000e+00;1.00000e+00;2.10000e-01;9.36808e-01;8.85756e-01;Pipeline { filter(avg_Y < 410000.0000) };9.18608e-01;1.00000e+00;Pipeline { filter(avg_Y < 923000000.0000) };9.18771e-01;9.99454e-01;Pipeline { filter(avg_X < 2810000.0000) };9.18608e-01;1.00000e+00;Pipeline { filter(avg_Y < 28500000.0000) }
datasets/geolife_60mins.csv;nsga2;3;41;4100;4100;1.07307e+02;100;100;100;1.00000e+00;1.00000e+00;2.10000e-01;9.36808e-01;8.85756e-01;Pipeline { filter(avg_Y < 410000.0000) };9.18608e-01;1.00000e+00;Pipeline { filter(avg_Y < 4590000000.0000) };9.18771e-01;9.99454e-01;Pipeline { filter(avg_X < 3130000.0000) };9.18608e-01;1.00000e+00;Pipeline { filter(avg_Y < 31000000.0000) }
datasets/geolife_60mins.csv;nsga2;3;42;4200;4200;1.09898e+02;100;100;100;1.00000e+00;1.00000e+00;2.10000e-01;9.36877e-01;8.86184e-01;Pipeline { filter(avg_Y < 416000.0000) };9.18608e-01;1.00000e+00;Pipeline { filter(avg_X < 74800000.0000) };9.18771e-01;9.99454e-01;Pipeline { filter(avg_X < 3380000.0000) };9.18608e-01;1.00000e+00;Pipeline { filter(avg_Y < 205000000.0000) }
datasets/geolife_60mins.csv;nsga2;3;43;4300;4300;1.12149e+02;100;100;100;1.00000e+00;1.00000e+00;2.10000e-01;9.36877e-01;8.86184e-01;Pipeline { filter(avg_Y < 416000.0000) };9.18608e-01;1.00000e+00;Pipeline { filter(avg_X < 9200000000.0000) };9.18779e-01;9.98627e-01;Pipeline { filter(avg_X < 2110000.0000) };9.18608e-01;1.00000e+00;Pipeline { filter(avg_Y < 37000000.0000) }
datasets/geolife_60mins.csv;nsga2;3;44;4400;4400;1.14587e+02;100;100;100;1.00000e+00;1.00000e+00;2.10000e-01;9.36877e-01;8.86184e-01;Pipeline { filter(avg_Y < 416000.0000) };9.18608e-01;1.00000e+00;Pipeline { filter(avg_X < 6180000000.0000) };9.18779e-01;9.98627e-01;Pipeline { filter(avg_X < 2110000.0000) };9.18608e-01;1.00000e+00;Pipeline { filter(avg_Y < 97000000.0000) }
datasets/geolife_60mins.csv;nsga2;3;45;4500;4500;1.16889e+02;100;100;100;1.00000e+00;1.00000e+00;2.30000e-01;9.36877e-01;8.86184e-01;Pipeline { filter(avg_Y < 416000.0000) };9.18608e-01;1.00000e+00;Pipeline { filter(avg_Y < 262000000.0000) };9.19033e-01;9.93639e-01;Pipeline { filter(avg_Y < 2480000.0000) };9.18608e-01;1.00000e+00;Pipeline { filter(avg_X < 370000000.0000) }
datasets/geolife_60mins.csv;nsga2;3;46;4600;4600;1.19228e+02;100;100;100;1.00000e+00;9.90000e-01;2.30000e-01;9.36877e-01;8.86184e-01;Pipeline { filter(avg_Y < 416000.0000) };9.18608e-01;1.00000e+00;Pipeline { filter(avg_Y < 87900000.0000) };9.19033e-01;9.93639e-01;Pipeline { filter(avg_Y < 2480000.0000) };9.18608e-01;1.00000e+00;Pipeline { filter(avg_Y < 7750000.0000) }
datasets/geolife_60mins.csv;nsga2;3;47;4700;4700;1.21714e+02;100;100;100;1.00000e+00;9.90000e-01;2.30000e-01;9.36877e-01;8.86184e-01;Pipeline { filter(avg_Y < 416000.0000) };9.18608e-01;1.00000e+00;Pipeline { filter(avg_Y < 8300000000.0000) };9.19063e-01;9.88239e-01;Pipeline { filter(avg_Y < 2430000.0000) };9.18608e-01;1.00000e+00;Pipeline { filter(avg_Y < 2180000000.0000) }
datasets/geolife_60mins.csv;nsga2;3;48;4800;4800;1.24047e+02;100;100;100;1.00000e+00;9.90000e-01;2.30000e-01;9.36877e-01;8.86184e-01;Pipeline { filter(avg_Y < 416000.0000) };9.18608e-01;1.00000e+00;Pipeline { filter(avg_Y < 946000000.0000) };9.19063e-01;9.88239e-01;Pipeline { filter(avg_Y < 2430000.0000) };9.18608e-01;1.00000e+00;Pipeline { filter(avg_Y < 100000000.0000) }
datasets/geolife_60mins.csv;nsga2;3;49;4900;4900;1.26565e+02;100;100;100;1.00000e+00;9.90000e-01;2.30000e-01;9.36877e-01;8.86184e-01;Pipeline { filter(avg_Y < 416000.0000) };9.18608e-01;1.00000e+00;Pipeline { filter(avg_X < 82900000.0000) };9.19063e-01;9.88239e-01;Pipeline { filter(avg_Y < 2430000.0000) };9.18608e-01;1.00000e+00;Pipeline { filter(avg_Y < 10000000.0000) }
datasets/geolife_60mins.csv;nsga2;3;50;5000;5000;1.28927e+02;100;100;100;1.00000e+00;9.90000e-01;2.30000e-01;9.36894e-01;8.86220e-01;Pipeline { filter(avg_Y < 419000.0000) };9.18608e-01;1.00000e+00;Pipeline { filter(avg_X < 410000000.0000) };9.19063e-01;9.88239e-01;Pipeline { filter(avg_Y < 2430000.0000) };9.18608e-01;1.00000e+00;Pipeline { filter(avg_Y < 946000000.0000) }
datasets/geolife_60mins.csv;nsga2;4;1;100;100;2.70100e+00;100;7;70;1.00000e+00;1.00000e+00;1.70000e-01;9.26629e-01;8.17732e-01;Pipeline { filter(avg_X > 0.0000) };9.18608e-01;1.00000e+00;Pipeline { filter(avg_Y < 238000000.0000) };1.93200e-02;1.71560e-02;Pipeline { filter(avg_X < 0.1080) | filter(avg_Y < 7.4100) };1.93200e-02;1.71560e-02;Pipeline { filter(avg_X < 0.1080) | filter(avg_Y < 7.4100) }
datasets/geolife_60mins.csv;nsga2;4;2;200;200;5.55700e+00;100;12;25;1.00000e+00;1.00000e+00;2.40000e-01;9.26629e-01;8.17732e-01;Pipeline { filter(avg_X > 0.0180) };9.18608e-01;1.00000e+00;Pipeline { filter(avg_X < 76700000.0000) };8.77344e-01;7.26608e-01;Pipeline { filter(avg_Y > 0.0054) | filter(avg_Y > 0.2820) };8.77344e-01;7.26608e-01;Pipeline { filter(avg_X < 88600000.0000) | filter(avg_Y > 0.0547) | filter(avg_Y > 0.0003) }
datasets/geolife_60mins.csv;nsga2;4;3;300;300;7.76100e+00;100;32;12;1.00000e+00;9.90000e-01;1.80000e-01;9.26629e-01;8.17732e-01;Pipeline { filter(avg_X > 55.7000) };9.18608e-01;1.00000e+00;Pipeline { filter(avg_Y < 238000000.0000) };9.26594e-01;8.17728e-01;Pipeline { filter(avg_X > 8310.0000) };9.26629e-01;8.17732e-01;Pipeline { filter(avg_X > 95.7000) }
datasets/geolife_60mins.csv;nsga2;4;4;400;400;1.04030e+01;100;63;31;1.00000e+00;1.00000e+00;1.00000e-01;9.26629e-01;8.17732e-01;Pipeline { filter(avg_X > 5.4700) };9.18608e-01;1.00000e+00;Pipeline { filter(avg_Y < 218000000.0000) };9.26629e-01;8.17732e-01;Pipeline { filter(avg_X > 0.0063) | filter(avg_X > 690.0000) };9.26629e-01;8.17732e-01;Pipeline { filter(avg_X > 0.0001) }
datasets/geolife_60mins.csv;nsga2;4;5;500;500;1.29760e+01;100;100;100;1.00000e+00;1.00000e+00;4.00000e-02;9.26754e-01;8.16711e-01;Pipeline { filter(avg_X > 5.5900) | filter(avg_Y < 1000000.0000) };9.18608e-01;1.00000e+00;Pipeline { filter(avg_Y < 238000000.0000) };9.26629e-01;8.17732e-01;Pipeline { filter(avg_X > 0.0063) | filter(avg_X > 690.0000) };9.26629e-01;8.17732e-01;Pipeline { filter(avg_X > 6130.0000) }
datasets/geolife_60mins.csv;nsga2;4;6;600;600;1.55130e+01;100;19;81;1.00000e+00;1.00000e+00;7.00000e-02;9.34567e-01;8.59635e-01;Pipeline { filter(avg_Y < 280000.0000) };9.18608e-01;1.00000e+00;Pipeline { filter(avg_Y < 638000000.0000) };9.26629e-01;8.17732e-01;Pipeline { filter(avg_X > 0.0048) };9.26629e-01;8.17732e-01;Pipeline { filter(avg_X > 0.0055) }
datasets/geolife_60mins.csv;nsga2;4;7;700;700;1.82360e+01;100;34;64;1.00000e+00;9.90000e-01;9.00000e-02;9.34567e-01;8.59635e-01;Pipeline { filter(avg_Y < 280000.0000) };9.18608e-01;1.00000e+00;Pipeline { filter(avg_Y < 8870000.0000) };9.26629e-01;8.17732e-01;Pipeline { filter(avg_X > 0.0001) };9.18608e-01;1.00000e+00;Pipeline { filter(avg_Y < 9870000.0000) }
datasets/geolife_60mins.csv;nsga2;4;8;800;800;2.06970e+01;100;60;36;1.00000e+00;1.00000e+00;1.10000e-01;9.34567e-01;8.59635e-01;Pipeline { filter(avg_Y < 280000.0000) };9.18608e-01;1.00000e+00;Pipeline { filter(avg_X < 18000000.0000) };9.26629e-01;8.17732e-01;Pipeline { filter(avg_X > 0.0000) };9.18608e-01;1.00000e+00;Pipeline { filter(avg_Y < 750000000.0000) }
datasets/geolife_60mins.csv;nsga2;4;9;900;900;2.32890e+01;100;92;4;1.00000e+00;1.00000e+00;1.40000e-01;9.34790e-01;8.60763e-01;Pipeline { filter(avg_Y < 288000.0000) };9.18608e-01;1.00000e+00;Pipeline { filter(avg_Y < 852000000.0000) };9.18608e-01;1.00000e+00;Pipeline { filter(avg_Y < 238000000.0000) };9.18608e-01;1.00000e+00;Pipeline { filter(avg_X < 852000000.0000) }
datasets/geolife_60mins.csv;nsga2;4;10;1000;1000;2.57730e+01;100;100;100;1.00000e+00;1.00000e+00;8.00000e-02;9.34790e-01;8.60763e-01;Pipeline { filter(avg_Y < 288000.0000) };9.18608e-01;1.00000e+00;Pipeline { filter(avg_Y < 9080000.0000) };9.18608e-01;1.00000e+00;Pipeline { filter(avg_X < 233000000.0000) };9.18608e-01;1.00000e+00;Pipeline { filter(avg_Y < 331000000.0000) }
datasets/geolife_60mins.csv;nsga2;4;11;1100;1100;2.82280e+01;100;100;100;1.00000e+00;1.00000e+00;1.00000e-01;9.34790e-01;8.60763e-01;Pipeline { filter(avg_Y < 288000.0000) };9.18608e-01;1.00000e+00;Pipeline { filter(avg_X < 8520000.0000) };9.18608e-01;1.00000e+00;Pipeline { filter(avg_X < 98000000.0000) };9.18608e-01;1.00000e+00;Pipeline { filter(avg_Y < 23900000.0000) }
datasets/geolife_60mins.csv;nsga2;4;12;1200;1200;3.06110e+01;100;100;100;1.00000e+00;1.00000e+00;1.20000e-01;9.35733e-01;8.81108e-01;Pipeline { filter(avg_Y < 383000.0000) };9.18608e-01;1.00000e+00;Pipeline { filter(avg_Y < 5850000.0000) };9.18608e-01;1.00000e+00;Pipeline { filter(avg_X < 931000000.0000) };9.18608e-01;1.00000e+00;Pipeline { filter(avg_Y < 44200000.0000) }
datasets/geolife_60mins.csv;nsga2;4;13;1300;1300;3.31800e+01;100;100;100;1.00000e+00;1.00000e+00;1.20000e-01;9.35733e-01;8.81108e-01;Pipeline { filter(avg_Y < 383000.0000) };9.18608e-01;1.00000e+00;Pipeline { filter(avg_Y < 962000000.0000) };9.18608e-01;1.00000e+00;Pipeline { filter(avg_Y < 148000000.0000) };9.18608e-01;1.00000e+00;Pipeline { filter(avg_X < 78100000.0000) }
datasets/geolife_60mins.csv;nsga2;4;14;1400;1400;3.56850e+01;100;100;100;1.00000e+00;1.00000e+00;1.30000e-01;9.35733e-01;8.81108e-01;Pipeline { filter(avg_Y < 383000.0000) };9.18608e-01;1.00000e+00;Pipeline { filter(avg_Y < 683000000.0000) };9.18608e-01;1.00000e+00;Pipeline { filter(avg_Y < 1570000000.0000) };9.18608e-01;1.00000e+00;Pipeline { filter(avg_Y < 941000000.0000) }
datasets/geolife_60mins.csv;nsga2;4;15;1500;1500;3.81390e+01;100;100;100;1.00000e+00;1.00000e+00;1.30000e-01;9.35733e-01;8.81108e-01;Pipeline { filter(avg_Y < 383000.0000) };9.18608e-01;1.00000e+00;Pipeline { filter(avg_X < 28500000.0000) };9.18608e-01;1.00000e+00;Pipeline { filter(avg_X < 1570000000.0000) };9.18608e-01;1.00000e+00;Pipeline { filter(avg_Y < 1540000000.0000) }
datasets/geolife_60mins.csv;nsga2;4;16;1600;1600;4.06800e+01;100;100;100;1.00000e+00;1.00000e+00;1.50000e-01;9.35733e-01;8.81108e-01;Pipeline { filter(avg_Y < 383000.0000) };9.18608e-01;1.00000e+00;Pipeline { filter(avg_X < 9830000.0000) };9.18608e-01;1.00000e+00;Pipeline { filter(avg_Y < 33700000.0000) };9.18608e-01;1.00000e+00;Pipeline { filter(avg_X < 296000000.0000) }
datasets/geolife_60mins.csv;nsga2;4;17;1700;1700;4.32450e+01;100;100;100;1.00000e+00;1.00000e+00;1.50000e-01;9.35733e-01;8.81108e-01;Pipeline { filter(avg_Y < 383000.0000) };9.18608e-01;1.00000e+00;Pipeline { filter(avg_Y < 4370000000.0000) };9.18608e-01;1.00000e+00;Pipeline { filter(avg_X < 760000000.0000) };9.18608e-01;1.00000e+00;Pipeline { filter(avg_X < 61900000.0000) }
datasets/geolife_60mins.csv;nsga2;4;18;1800;1800;4.57040e+01;100;100;100;1.00000e+00;1.00000e+00;1.50000e-01;9.35733e-01;8.81108e-01;Pipeline { filter(avg_Y < 383000.0000) };9.18608e-01;1.00000e+00;Pipeline { filter(avg_X < 687000000.0000) };9.18608e-01;1.00000e+00;Pipeline { filter(avg_X < 5250000000.0000) };9.18608e-01;1.00000e+00;Pipeline { filter(avg_X < 1070000000.0000) }
datasets/geolife_60mins.csv;nsga2;4;19;1900;1900;4.81490e+01;100;100;100;1.00000e+00;1.00000e+00;1.50000e-01;9.36808e-01;8.85756e-01;Pipeline { filter(avg_Y < 410000.0000) };9.18608e-01;1.00000e+00;Pipeline { filter(avg_X < 768000000.0000) };9.18608e-01;1.00000e+00;Pipeline { filter(avg_Y < 3900000000.0000) };9.18608e-01;1.00000e+00;Pipeline { filter(avg_Y < 4870000000.0000) }
datasets/geolife_60mins.csv;nsga2;4;20;2000;2000;5.04910e+01;100;100;100;1.00000e+00;1.00000e+00;1.70000e-01;9.36808e-01;8.85756e-01;Pipeline { filter(avg_Y < 410000.0000) };9.18608e-01;1.00000e+00;Pipeline { filter(avg_Y < 840000000.0000) };9.18608e-01;1.00000e+00;Pipeline { filter(avg_Y < 3520000.0000) };9.18608e-01;1.00000e+00;Pipeline { filter(avg_X < 880000000.0000) }
datasets/geolife_60mins.csv;nsga2;4;21;2100;2100;5.29120e+01;100;100;100;1.00000e+00;1.00000e+00;1.70000e-01;9.36808e-01;8.85756e-01;Pipeline { filter(avg_Y < 410000.0000) };9.18608e-01;1.00000e+00;Pipeline { filter(avg_Y < 867000000.0000) };9.18608e-01;1.00000e+00;Pipeline { filter(avg_Y < 4470000000.0000) };9.18608e-01;1.00000e+00;Pipeline { filter(avg_X < 790000000.0000) }
datasets/geolife_60mins.csv;nsga2;4;22;2200;2200;5.53680e+01;100;100;100;1.00000e+00;1.00000e+00;1.70000e-01;9.36808e-01;8.85756e-01;Pipeline { filter(avg_Y < 410000.0000) };9.18608e-01;1.00000e+00;Pipeline { filter(avg_Y < 3510000.0000) };9.18608e-01;1.00000e+00;Pipeline { filter(avg_X < 9200000.0000) };9.18608e-01;1.00000e+00;Pipeline { filter(avg_Y < 930000000.0000) }
datasets/geolife_60mins.csv;nsga2;4;23;2300;2300;5.77820e+01;100;100;100;1.00000e+00;1.00000e+00;1.90000e-01;9.36808e-01;8.85756e-01;Pipeline { filter(avg_Y < 410000.0000) };9.18608e-01;1.00000e+00;Pipeline { filter(avg_Y < 4390000.0000) };9.18608e-01;1.00000e+00;Pipeline { filter(avg_Y < 3440000000.0000) };9.18608e-01;1.00000e+00;Pipeline { filter(avg_Y < 2390000000.0000) }
datasets/geolife_60mins.csv;nsga2;4;24;2400;2400;6.00940e+01;100;100;100;1.00000e+00;1.00000e+00;1.90000e-01;9.36808e-01;8.85756e-01;Pipeline { filter(avg_Y < 410000.0000) };9.18608e-01;1.00000e+00;Pipeline { filter(avg_X < 49500000.0000) };9.18608e-01;1.00000e+00;Pipeline { filter(avg_Y < 93600000.0000) };9.18608e-01;1.00000e+00;Pipeline { filter(avg_X < 586000000.0000) }
datasets/geolife_60mins.csv;nsga2;4;25;2500;2500;6.26070e+01;100;100;100;1.00000e+00;1.00000e+00;1.90000e-01;9.36808e-01;8.85756e-01;Pipeline { filter(avg_Y < 410000.0000) };9.18608e-01;1.00000e+00;Pipeline { filter(avg_X < 74500000.0000) };9.18608e-01;1.00000e+00;Pipeline { filter(avg_Y < 38300000.0000) };9.18608e-01;1.00000e+00;Pipeline { filter(avg_Y < 5320000000.0000) }
datasets/geolife_60mins.csv;nsga2;4;26;2600;2600;6.50410e+01;100;100;100;1.00000e+00;9.90000e-01;2.00000e-01;9.36808e-01;8.85756e-01;Pipeline { filter(avg_Y < 410000.0000) };9.18608e-01;1.00000e+00;Pipeline { filter(avg_Y < 345000000.0000) };9.18608e-01;1.00000e+00;Pipeline { filter(avg_Y < 345000000.0000) };9.18608e-01;1.00000e+00;Pipeline { filter(avg_Y < 730000000.0000) }
datasets/geolife_60mins.csv;nsga2;4;27;2700;2700;6.74500e+01;100;100;100;1.00000e+00;1.00000e+00;2.00000e-01;9.36808e-01;8.85756e-01;Pipeline { filter(avg_Y < 410000.0000) };9.18608e-01;1.00000e+00;Pipeline { filter(avg_Y < 430000000.0000) };9.18771e-01;9.99454e-01;Pipeline { filter(avg_X < 4240000.0000) };9.18608e-01;1.00000e+00;Pipeline { filter(avg_Y < 4510000000.0000) }
datasets/geolife_60mins.csv;nsga2;4;28;2800;2800;6.99410e+01;100;100;100;1.00000e+00;1.00000e+00;2.00000e-01;9.36808e-01;8.85756e-01;Pipeline { filter(avg_Y < 410000.0000) };9.18608e-01;1.00000e+00;Pipeline { filter(avg_Y < 17000000.0000) };9.18771e-01;9.99454e-01;Pipeline { filter(avg_X < 4240000.0000) };9.18608e-01;1.00000e+00;Pipeline { filter(avg_Y < 3890000000.0000) }
datasets/geolife_60mins.csv;nsga2;4;29;2900;2900;7.23540e+01;100;100;100;1.00000e+00;1.00000e+00;2.00000e-01;9.36808e-01;8.85756e-01;Pipeline { filter(avg_Y < 410000.0000) };9.18608e-01;1.00000e+00;Pipeline { filter(avg_Y < 5030000000.0000) };9.18771e-01;9.99454e-01;Pipeline { filter(avg_X < 2810000.0000) };9.18608e-01;1.00000e+00;Pipeline { filter(avg_X < 7430000.0000) }
datasets/geolife_60mins.csv;nsga2;4;30;3000;3000;7.47670e+01;100;100;100;1.00000e+00;1.00000e+00;2.10000e-01;9.36808e-01;8.85756e-01;Pipeline { filter(avg_Y < 410000.0000) };9.18608e-01;1.00000e+00;Pipeline { filter(avg_Y < 4520000.0000) };9.18779e-01;9.98627e-01;Pipeline { filter(avg_X < 2160000.0000) };9.18608e-01;1.00000e+00;Pipeline { filter(avg_Y < 52200000.0000) }
datasets/geolife_60mins.csv;nsga2;4;31;3100;3100;7.70960e+01;100;100;100;1.00000e+00;1.00000e+00;2.30000e-01;9.36808e-01;8.85756e-01;Pipeline { filter(avg_Y < 410000.0000) };9.18608e-01;1.00000e+00;Pipeline { filter(avg_Y < 89000000.0000) };9.18827e-01;9.97043e-01;Pipeline { filter(avg_Y < 2630000.0000) };9.18608e-01;1.00000e+00;Pipeline { filter(avg_Y < 936000000.0000) }
datasets/geolife_60mins.csv;nsga2;4;32;3200;3200;7.94400e+01;100;100;100;1.00000e+00;1.00000e+00;2.40000e-01;9.36808e-01;8.85756e-01;Pipeline { filter(avg_Y < 410000.0000) };9.18608e-01;1.00000e+00;Pipeline { filter(avg_Y < 489000000.0000) };9.19325e-01;9.80502e-01;Pipeline { filter(avg_Y < 2350000.0000) };9.18608e-01;1.00000e+00;Pipeline { filter(avg_Y < 820000000.0000) }
datasets/geolife_60mins.csv;nsga2;4;33;3300;3300;8.18750e+01;100;100;100;1.00000e+00;1.00000e+00;2.50000e-01;9.36808e-01;8.85756e-01;Pipeline { filter(avg_Y < 410000.0000) };9.18608e-01;1.00000e+00;Pipeline { filter(avg_Y < 2490000000.0000) };9.19009e-01;9.95989e-01;Pipeline { filter(avg_Y < 2530000.0000) };9.18608e-01;1.00000e+00;Pipeline { filter(avg_X < 917000000.0000) }
datasets/geolife_60mins.csv;nsga2;4;34;3400;3400;8.43770e+01;100;100;100;1.00000e+00;9.90000e-01;2.50000e-01;9.36808e-01;8.85756e-01;Pipeline { filter(avg_Y < 410000.0000) };9.18608e-01;1.00000e+00;Pipeline { filter(avg_Y < 687000000.0000) };9.19009e-01;9.95989e-01;Pipeline { filter(avg_Y < 2530000.0000) };9.18608e-01;1.00000e+00;Pipeline { filter(avg_X < 481000000.0000) }
datasets/geolife_60mins.csv;nsga2;4;35;3500;3500;8.72280e+01;100;100;100;1.00000e+00;1.00000e+00;2.50000e-01;9.36860e-01;8.86005e-01;Pipeline { filter(avg_Y < 414000.0000) };9.18608e-01;1.00000e+00;Pipeline { filter(avg_Y < 801000000.0000) };9.19009e-01;9.95989e-01;Pipeline { filter(avg_Y < 2530000.0000) };9.18608e-01;1.00000e+00;Pipeline { filter(avg_Y < 957000000.0000) }
datasets/geolife_60mins.csv;nsga2;4;36;3600;3600;8.96500e+01;100;100;100;1.00000e+00;1.00000e+00;2.50000e-01;9.36860e-01;8.86005e-01;Pipeline { filter(avg_Y < 414000.0000) };9.18608e-01;1.00000e+00;Pipeline { filter(avg_Y < 76000000.0000) };9.19009e-01;9.95989e-01;Pipeline { filter(avg_Y < 2530000.0000) };9.18608e-01;1.00000e+00;Pipeline { filter(avg_X < 5560000000.0000) }
datasets/geolife_60mins.csv;nsga2;4;37;3700;3700;9.20740e+01;100;100;100;1.00000e+00;1.00000e+00;2.50000e-01;9.36860e-01;8.86005e-01;Pipeline { filter(avg_Y < 414000.0000) };9.18608e-01;1.00000e+00;Pipeline { filter(avg_Y < 4900000.0000) };9.19009e-01;9.95989e-01;Pipeline { filter(avg_Y < 2530000.0000) };9.18608e-01;1.00000e+00;Pipeline { filter(avg_Y < 68600000.0000) }
datasets/geolife_60mins.csv;nsga2;4;38;3800;3800;9.44420e+01;100;100;100;1.00000e+00;1.00000e+00;2.50000e-01;9.36860e-01;8.86005e-01;Pipeline { filter(avg_Y < 414000.0000) };9.18608e-01;1.00000e+00;Pipeline { filter(avg_X < 6190000.0000) };9.19009e-01;9.95989e-01;Pipeline { filter(avg_Y < 2530000.0000) };9.18608e-01;1.00000e+00;Pipeline { filter(avg_Y < 381000000.0000) }
datasets/geolife_60mins.csv;nsga2;4;39;3900;3900;9.68190e+01;100;100;100;1.00000e+00;9.90000e-01;2.70000e-01;9.36860e-01;8.86005e-01;Pipeline { filter(avg_Y < 414000.0000) };9.18608e-01;1.00000e+00;Pipeline { filter(avg_Y < 6510000.0000) };9.19707e-01;9.77627e-01;Pipeline { filter(avg_Y < 2310000.0000) };9.18608e-01;1.00000e+00;Pipeline { filter(avg_Y < 876000000.0000) }
datasets/geolife_60mins.csv;nsga2;4;40;4000;4000;9.92320e+01;100;100;100;1.00000e+00;9.90000e-01;2.70000e-01;9.36860e-01;8.86005e-01;Pipeline { filter(avg_Y < 414000.0000) };9.18608e-01;1.00000e+00;Pipeline { filter(avg_Y < 6200000.0000) };9.19429e-01;9.79156e-01;Pipeline { filter(avg_Y < 2330000.0000) };9.18608e-01;1.00000e+00;Pipeline { filter(avg_Y < 5000000.0000) }
datasets/geolife_60mins.csv;nsga2;4;41;4100;4100;1.01472e+02;100;100;100;1.00000e+00;1.00000e+00;2.70000e-01;9.36860e-01;8.86005e-01;Pipeline { filter(avg_Y < 414000.0000) };9.18608e-01;1.00000e+00;Pipeline { filter(avg_X < 8770000000.0000) };9.19429e-01;9.79156e-01;Pipeline { filter(avg_Y < 2330000.0000) };9.18608e-01;1.00000e+00;Pipeline { filter(avg_Y < 8880000.0000) }
datasets/geolife_60mins.csv;nsga2;4;42;4200;4200;1.03947e+02;100;100;100;1.00000e+00;1.00000e+00;2.80000e-01;9.36860e-01;8.86005e-01;Pipeline { filter(avg_Y < 414000.0000) };9.18608e-01;1.00000e+00;Pipeline { filter(avg_Y < 211000000.0000) };9.19429e-01;9.79156e-01;Pipeline { filter(avg_Y < 2330000.0000) };9.18608e-01;1.00000e+00;Pipeline { filter(avg_X < 8550000000.0000) }
datasets/geolife_60mins.csv;nsga2;4;43;4300;4300;1.06357e+02;100;100;100;1.00000e+00;1.00000e+00;2.90000e-01;9.36860e-01;8.86005e-01;Pipeline { filter(avg_Y < 414000.0000) };9.18608e-01;1.00000e+00;Pipeline { filter(avg_X < 53300000.0000) };9.19707e-01;9.77627e-01;Pipeline { filter(avg_Y < 2310000.0000) };9.18608e-01;1.00000e+00;Pipeline { filter(avg_X < 573000000.0000) }
datasets/geolife_60mins.csv;nsga2;4;44;4400;4400;1.08706e+02;100;100;100;1.00000e+00;1.00000e+00;2.90000e-01;9.36860e-01;8.86005e-01;Pipeline { filter(avg_Y < 414000.0000) };9.18608e-01;1.00000e+00;Pipeline { filter(avg_Y < 51000000.0000) };9.19707e-01;9.77627e-01;Pipeline { filter(avg_Y < 2310000.0000) };9.18608e-01;1.00000e+00;Pipeline { filter(avg_Y < 455000000.0000) }
datasets/geolife_60mins.csv;nsga2;4;45;4500;4500;1.11031e+02;100;100;100;1.00000e+00;1.00000e+00;3.00000e-01;9.36860e-01;8.86005e-01;Pipeline { filter(avg_Y < 414000.0000) };9.18608e-01;1.00000e+00;Pipeline { filter(avg_X < 9550000000.0000) };9.19790e-01;9.75667e-01;Pipeline { filter(avg_Y < 2160000.0000) };9.18608e-01;1.00000e+00;Pipeline { filter(avg_X < 53300000.0000) }
datasets/geolife_60mins.csv;nsga2;4;46;4600;4600;1.13571e+02;100;100;100;1.00000e+00;1.00000e+00;3.10000e-01;9.36860e-01;8.86005e-01;Pipeline { filter(avg_Y < 414000.0000) };9.18608e-01;1.00000e+00;Pipeline { filter(avg_Y < 7940000000.0000) };9.19790e-01;9.75667e-01;Pipeline { filter(avg_Y < 2160000.0000) };9.18608e-01;1.00000e+00;Pipeline { filter(avg_Y < 5610000000.0000) }
datasets/geolife_60mins.csv;nsga2;4;47;4700;4700;1.16216e+02;100;100;100;1.00000e+00;1.00000e+00;3.30000e-01;9.36860e-01;8.86005e-01;Pipeline { filter(avg_Y < 414000.0000) };9.18608e-01;1.00000e+00;Pipeline { filter(avg_X < 473000000.0000) };9.19790e-01;9.75667e-01;Pipeline { filter(avg_Y < 2200000.0000) };9.18608e-01;1.00000e+00;Pipeline { filter(avg_Y < 540000000.0000) }
datasets/geolife_60mins.csv;nsga2;4;48;4800;4800;1.18957e+02;100;100;100;1.00000e+00;1.00000e+00;3.50000e-01;9.36894e-01;8.86220e-01;Pipeline { filter(avg_Y < 418000.0000) };9.18608e-01;1.00000e+00;Pipeline { filter(avg_Y < 710000000.0000) };9.19829e-01;9.75087e-01;Pipeline { filter(avg_Y < 1830000.0000) };9.18608e-01;1.00000e+00;Pipeline { filter(avg_X < 450000000.0000) }
datasets/geolife_60mins.csv;nsga2;4;49;4900;4900;1.21384e+02;100;100;100;1.00000e+00;1.00000e+00;3.50000e-01;9.36894e-01;8.86220e-01;Pipeline { filter(avg_Y < 418000.0000) };9.18608e-01;1.00000e+00;Pipeline { filter(avg_Y < 9700000.0000) };9.19790e-01;9.75667e-01;Pipeline { filter(avg_Y < 2200000.0000) };9.18608e-01;1.00000e+00;Pipeline { filter(avg_Y < 3670000000.0000) }
datasets/geolife_60mins.csv;nsga2;4;50;5000;5000;1.23913e+02;100;100;100;1.00000e+00;1.00000e+00;3.60000e-01;9.36894e-01;8.86220e-01;Pipeline { filter(avg_Y < 418000.0000) };9.18608e-01;1.00000e+00;Pipeline { filter(avg_X < 907000000.0000) };9.19790e-01;9.75667e-01;Pipeline { filter(avg_Y < 2200000.0000) };9.18608e-01;1.00000e+00;Pipeline { filter(avg_X < 119000000.0000) }
datasets/geolife_60mins.csv;nsga2;5;1;100;100;2.64700e+00;100;8;68;1.00000e+00;1.00000e+00;1.60000e-01;9.26629e-01;8.17732e-01;Pipeline { filter(avg_X > 475.0000) };9.18608e-01;1.00000e+00;Pipeline { filter(avg_Y < 1720000000.0000) };2.26840e-02;2.70142e-02;Pipeline { filter(avg_X < 0.0008) | filter(avg_X < 242.0000) };2.26840e-02;2.70142e-02;Pipeline { filter(avg_X < 0.0008) | filter(avg_X < 242.0000) }
datasets/geolife_60mins.csv;nsga2;5;2;200;200;4.86600e+00;100;27;13;1.00000e+00;1.00000e+00;2.50000e-01;9.26629e-01;8.17732e-01;Pipeline { filter(avg_X < 7440000000.0000) | filter(avg_X > 0.0000) | filter(avg_X > 0.0000) | filter(avg_X < 5260000000.0000) | filter(avg_Y < 5560000000.0000) | filter(avg_Y < 6410000000.0000) | filter(avg_X > 0.0001) };9.18608e-01;1.00000e+00;Pipeline { filter(avg_X < 6290000000.0000) };9.18608e-01;1.00000e+00;Pipeline { filter(avg_X < 629000000.0000) };9.26629e-01;8.17732e-01;Pipeline { filter(avg_X > 575.0000) }
datasets/geolife_60mins.csv;nsga2;5;3;300;300;7.52800e+00;100;16;3;1.00000e+00;1.00000e+00;1.30000e-01;9.29730e-01;8.89183e-01;Pipeline { filter(avg_Y < 472000.0000) };9.18608e-01;1.00000e+00;Pipeline { filter(avg_Y < 4090000000.0000) };9.26629e-01;8.17732e-01;Pipeline { filter(avg_X < 3830000000.0000) | filter(avg_X > 0.0071) | filter(avg_Y < 9880000.0000) };9.26629e-01;8.17732e-01;Pipeline { filter(avg_X > 0.9810) }
datasets/geolife_60mins.csv;nsga2;5;4;400;400;1.01740e+01;100;32;67;1.00000e+00;1.00000e+00;5.00000e-02;9.36025e-01;8.82011e-01;Pipeline { filter(avg_Y < 390000.0000) };9.18608e-01;1.00000e+00;Pipeline { filter(avg_X < 650000000.0000) };9.26629e-01;8.17732e-01;Pipeline { filter(avg_X < 7440000000.0000) | filter(avg_X > 0.0000) | filter(avg_X > 0.0000) | filter(avg_X < 5260000000.0000) | filter(avg_Y < 6570000000.0000) | filter(avg_Y < 6410000000.0000) | filter(avg_X > 0.0001) };9.18608e-01;1.00000e+00;Pipeline { filter(avg_Y < 5930000.0000) }
datasets/geolife_60mins.csv;nsga2;5;5;500;500;1.29100e+01;100;57;40;1.00000e+00;1.00000e+00;1.00000e-01;9.36025e-01;8.82011e-01;Pipeline { filter(avg_Y < 390000.0000) };9.18608e-01;1.00000e+00;Pipeline { filter(avg_X < 5310000.0000) };9.26629e-01;8.17732e-01;Pipeline { filter(avg_X < 3430000000.0000) | filter(avg_X > 0.0000) | filter(avg_X > 0.8590) | filter(avg_X < 5260000000.0000) | filter(avg_Y < 5560000000.0000) | filter(avg_Y < 6410000000.0000) | filter(avg_X > 0.0001) };9.18608e-01;1.00000e+00;Pipeline { filter(avg_X < 6890000000.0000) }
datasets/geolife_60mins.csv;nsga2;5;6;600;600;1.53150e+01;100;92;4;1.00000e+00;1.00000e+00;1.20000e-01;9.36025e-01;8.82011e-01;Pipeline { filter(avg_Y < 390000.0000) };9.18608e-01;1.00000e+00;Pipeline { filter(avg_Y < 4720000000.0000) };9.18608e-01;1.00000e+00;Pipeline { filter(avg_X < 5920000.0000) };9.18608e-01;1.00000e+00;Pipeline { filter(avg_Y < 3000000000.0000) }
datasets/geolife_60mins.csv;nsga2;5;7;700;700;1.78320e+01;100;100;100;1.00000e+00;1.00000e+00;8.00000e-02;9.36025e-01;8.82011e-01;Pipeline { filter(avg_Y < 390000.0000) };9.18608e-01;1.00000e+00;Pipeline { filter(avg_X < 6090000000.0000) };9.18608e-01;1.00000e+00;Pipeline { filter(avg_Y < 7490000000.0000) };9.18608e-01;1.00000e+00;Pipeline { filter(avg_X < 550000000.0000) }
datasets/geolife_60mins.csv;nsga2;5;8;800;800;2.01850e+01;100;100;100;1.00000e+00;1.00000e+00;9.00000e-02;9.36025e-01;8.82011e-01;Pipeline { filter(avg_Y < 390000.0000) };9.18608e-01;1.00000e+00;Pipeline { filter(avg_Y < 5150000.0000) };9.18608e-01;1.00000e+00;Pipeline { filter(avg_Y < 9190000000.0000) };9.18608e-01;1.00000e+00;Pipeline { filter(avg_Y < 2420000000.0000) }
datasets/geolife_60mins.csv;nsga2;5;9;900;900;2.23810e+01;100;100;100;1.00000e+00;1.00000e+00;9.00000e-02;9.36025e-01;8.82011e-01;Pipeline { filter(avg_Y < 390000.0000) };9.18608e-01;1.00000e+00;Pipeline { filter(avg_X < 7240000.0000) };9.18608e-01;1.00000e+00;Pipeline { filter(avg_Y < 5280000.0000) };9.18608e-01;1.00000e+00;Pipeline { filter(avg_Y < 753000000.0000) }
datasets/geolife_60mins.csv;nsga2;5;10;1000;1000;2.47650e+01;100;100;100;1.00000e+00;1.00000e+00;9.00000e-02;9.36025e-01;8.82011e-01;Pipeline { filter(avg_Y < 390000.0000) };9.18608e-01;1.00000e+00;Pipeline { filter(avg_Y < 8150000000.0000) };9.18608e-01;1.00000e+00;Pipeline { filter(avg_Y < 9120000000.0000) };9.18608e-01;1.00000e+00;Pipeline { filter(avg_Y < 34200000.0000) }
datasets/geolife_60mins.csv;nsga2;5;11;1100;1100;2.72120e+01;100;100;100;1.00000e+00;1.00000e+00;9.00000e-02;9.36025e-01;8.82011e-01;Pipeline { filter(avg_Y < 390000.0000) };9.18608e-01;1.00000e+00;Pipeline { filter(avg_X < 22800000.0000) };9.18608e-01;1.00000e+00;Pipeline { filter(avg_Y < 9540000000.0000) };9.18608e-01;1.00000e+00;Pipeline { filter(avg_Y < 3290000000.0000) }
datasets/geolife_60mins.csv;nsga2;5;12;1200;1200;2.97290e+01;100;100;100;1.00000e+00;1.00000e+00;1.00000e-01;9.36025e-01;8.82011e-01;Pipeline { filter(avg_Y < 390000.0000) };9.18608e-01;1.00000e+00;Pipeline { filter(avg_X < 5610000.0000) };9.18608e-01;1.00000e+00;Pipeline { filter(avg_Y < 9020000.0000) };9.18608e-01;1.00000e+00;Pipeline { filter(avg_X < 802000000.0000) }
datasets/geolife_60mins.csv;nsga2;5;13;1300;1300;3.20750e+01;100;100;100;1.00000e+00;1.00000e+00;1.10000e-01;9.36025e-01;8.82011e-01;Pipeline { filter(avg_Y < 390000.0000) };9.18608e-01;1.00000e+00;Pipeline { filter(avg_Y < 94700000.0000) };9.18608e-01;1.00000e+00;Pipeline { filter(avg_Y < 7110000.0000) };9.18608e-01;1.00000e+00;Pipeline { filter(avg_Y < 5160000000.0000) }
datasets/geolife_60mins.csv;nsga2;5;14;1400;1400;3.45520e+01;100;100;100;1.00000e+00;1.00000e+00;1.10000e-01;9.36025e-01;8.82011e-01;Pipeline { filter(avg_Y < 390000.0000) };9.18608e-01;1.00000e+00;Pipeline { filter(avg_Y < 7650000.0000) };9.18608e-01;1.00000e+00;Pipeline { filter(avg_Y < 16000000.0000) };9.18608e-01;1.00000e+00;Pipeline { filter(avg_Y < 14400000.0000) }
datasets/geolife_60mins.csv;nsga2;5;15;1500;1500;3.71230e+01;100;100;100;1.00000e+00;1.00000e+00;1.10000e-01;9.36025e-01;8.82011e-01;Pipeline { filter(avg_Y < 390000.0000) };9.18608e-01;1.00000e+00;Pipeline { filter(avg_Y < 5470000000.0000) };9.18608e-01;1.00000e+00;Pipeline { filter(avg_X < 91300000.0000) };9.18608e-01;1.00000e+00;Pipeline { filter(avg_Y < 2960000000.0000) }
datasets/geolife_60mins.csv;nsga2;5;16;1600;1600;3.95670e+01;100;100;100;1.00000e+00;1.00000e+00;1.10000e-01;9.36025e-01;8.82011e-01;Pipeline { filter(avg_Y < 390000.0000) };9.18608e-01;1.00000e+00;Pipeline { filter(avg_Y < 390000000.0000) };9.18608e-01;1.00000e+00;Pipeline { filter(avg_X < 3110000000.0000) };9.18608e-01;1.00000e+00;Pipeline { filter(avg_Y < 2410000000.0000) }
datasets/geolife_60mins.csv;nsga2;5;17;1700;1700;4.18650e+01;100;100;100;1.00000e+00;1.00000e+00;1.10000e-01;9.36025e-01;8.82011e-01;Pipeline { filter(avg_Y < 390000.0000) };9.18608e-01;1.00000e+00;Pipeline { filter(avg_X < 954000000.0000) };9.18608e-01;1.00000e+00;Pipeline { filter(avg_Y < 58200000.0000) };9.18608e-01;1.00000e+00;Pipeline { filter(avg_Y < 5450000.0000) }
datasets/geolife_60mins.csv;nsga2;5;18;1800;1800;4.41870e+01;100;100;100;1.00000e+00;1.00000e+00;1.10000e-01;9.36025e-01;8.82011e-01;Pipeline { filter(avg_Y < 390000.0000) };9.18608e-01;1.00000e+00;Pipeline { filter(avg_Y < 950000000.0000) };9.18608e-01;1.00000e+00;Pipeline { filter(avg_Y < 7060000.0000) };9.18608e-01;1.00000e+00;Pipeline { filter(avg_X < 90000000.0000) }
datasets/geolife_60mins.csv;nsga2;5;19;1900;1900;4.65410e+01;100;100;100;1.00000e+00;1.00000e+00;1.10000e-01;9.36025e-01;8.82011e-01;Pipeline { filter(avg_Y < 390000.0000) };9.18608e-01;1.00000e+00;Pipeline { filter(avg_Y < 5440000000.0000) };9.18608e-01;1.00000e+00;Pipeline { filter(avg_X < 7660000.0000) };9.18608e-01;1.00000e+00;Pipeline { filter(avg_Y < 57200000.0000) }
datasets/geolife_60mins.csv;nsga2;5;20;2000;2000;4.89880e+01;100;100;100;1.00000e+00;1.00000e+00;1.10000e-01;9.36025e-01;8.82011e-01;Pipeline { filter(avg_Y < 390000.0000) };9.18608e-01;1.00000e+00;Pipeline { filter(avg_X < 8340000.0000) };9.18608e-01;1.00000e+00;Pipeline { filter(avg_Y < 4470000000.0000) };9.18608e-01;1.00000e+00;Pipeline { filter(avg_Y < 3090000000.0000) }
datasets/geolife_60mins.csv;nsga2;5;21;2100;2100;5.13670e+01;100;100;100;1.00000e+00;1.00000e+00;1.10000e-01;9.36025e-01;8.82011e-01;Pipeline { filter(avg_Y < 390000.0000) };9.18608e-01;1.00000e+00;Pipeline { filter(avg_Y < 857000000.0000) };9.18608e-01;1.00000e+00;Pipeline { filter(avg_X < 401000000.0000) };9.18608e-01;1.00000e+00;Pipeline { filter(avg_Y < 76100000.0000) }
datasets/geolife_60mins.csv;nsga2;5;22;2200;2200;5.38900e+01;100;100;100;1.00000e+00;1.00000e+00;1.20000e-01;9.36025e-01;8.82011e-01;Pipeline { filter(avg_Y < 390000.0000) };9.18608e-01;1.00000e+00;Pipeline { filter(avg_Y < 562000000.0000) };9.18608e-01;1.00000e+00;Pipeline { filter(avg_Y < 311000000.0000) };9.18608e-01;1.00000e+00;Pipeline { filter(avg_X < 8880000.0000) }
datasets/geolife_60mins.csv;nsga2;5;23;2300;2300;5.63130e+01;100;100;100;1.00000e+00;1.00000e+00;1.20000e-01;9.36025e-01;8.82011e-01;Pipeline { filter(avg_Y < 390000.0000) };9.18608e-01;1.00000e+00;Pipeline { filter(avg_X < 789000000.0000) };9.18608e-01;1.00000e+00;Pipeline { filter(avg_X < 6820000000.0000) };9.18608e-01;1.00000e+00;Pipeline { filter(avg_X < 891000000.0000) }
datasets/geolife_60mins.csv;nsga2;5;24;2400;2400;5.87250e+01;100;100;100;1.00000e+00;1.00000e+00;1.20000e-01;9.36025e-01;8.82011e-01;Pipeline { filter(avg_Y < 390000.0000) };9.18608e-01;1.00000e+00;Pipeline { filter(avg_Y < 1600000000.0000) };9.18608e-01;1.00000e+00;Pipeline { filter(avg_X < 1160000000.0000) };9.18608e-01;1.00000e+00;Pipeline { filter(avg_Y < 697000000.0000) }
datasets/geolife_60mins.csv;nsga2;5;25;2500;2500;6.12520e+01;100;100;100;1.00000e+00;1.00000e+00;1.20000e-01;9.36025e-01;8.82011e-01;Pipeline { filter(avg_Y < 390000.0000) };9.18608e-01;1.00000e+00;Pipeline { filter(avg_X < 77100000.0000) };9.18608e-01;1.00000e+00;Pipeline { filter(avg_Y < 57000000.0000) };9.18608e-01;1.00000e+00;Pipeline { filter(avg_Y < 27900000.0000) }
datasets/geolife_60mins.csv;nsga2;5;26;2600;2600;6.35010e+01;100;100;100;1.00000e+00;1.00000e+00;1.20000e-01;9.36025e-01;8.82011e-01;Pipeline { filter(avg_Y < 390000.0000) };9.18608e-01;1.00000e+00;Pipeline { filter(avg_X < 7330000000.0000) };9.18608e-01;1.00000e+00;Pipeline { filter(avg_Y < 33300000.0000) };9.18608e-01;1.00000e+00;Pipeline { filter(avg_Y < 587000000.0000) }
datasets/geolife_60mins.csv;nsga2;5;27;2700;2700;6.60650e+01;100;100;100;1.00000e+00;1.00000e+00;1.20000e-01;9.36025e-01;8.82011e-01;Pipeline { filter(avg_Y < 390000.0000) };9.18608e-01;1.00000e+00;Pipeline { filter(avg_X < 6570000.0000) };9.18608e-01;1.00000e+00;Pipeline { filter(avg_X < 9860000.0000) };9.18608e-01;1.00000e+00;Pipeline { filter(avg_X < 113000000.0000) }
datasets/geolife_60mins.csv;nsga2;5;28;2800;2800;6.88450e+01;100;100;100;1.00000e+00;1.00000e+00;1.30000e-01;9.36025e-01;8.82011e-01;Pipeline { filter(avg_Y < 390000.0000) };9.18608e-01;1.00000e+00;Pipeline { filter(avg_Y < 3460000000.0000) };9.18608e-01;1.00000e+00;Pipeline { filter(avg_Y < 9590000.0000) };9.18608e-01;1.00000e+00;Pipeline { filter(avg_X < 8860000000.0000) }
datasets/geolife_60mins.csv;nsga2;5;29;2900;2900;7.11500e+01;100;100;100;1.00000e+00;9.90000e-01;1.30000e-01;9.36025e-01;8.82011e-01;Pipeline { filter(avg_Y < 390000.0000) };9.18608e-01;1.00000e+00;Pipeline { filter(avg_Y < 984000000.0000) };9.18608e-01;1.00000e+00;Pipeline { filter(avg_Y < 595000000.0000) };9.18608e-01;1.00000e+00;Pipeline { filter(avg_Y < 548000000.0000) }
datasets/geolife_60mins.csv;nsga2;5;30;3000;3000;7.36220e+01;100;100;100;1.00000e+00;9.90000e-01;1.40000e-01;9.36025e-01;8.82011e-01;Pipeline { filter(avg_Y < 390000.0000) };9.18608e-01;1.00000e+00;Pipeline { filter(avg_X < 134000000.0000) };9.18608e-01;1.00000e+00;Pipeline { filter(avg_X < 6570000.0000) };9.18608e-01;1.00000e+00;Pipeline { filter(avg_Y < 5220000.0000) }
datasets/geolife_60mins.csv;nsga2;5;31;3100;3100;7.59270e+01;100;100;100;1.00000e+00;1.00000e+00;1.40000e-01;9.36025e-01;8.82011e-01;Pipeline { filter(avg_Y < 390000.0000) };9.18608e-01;1.00000e+00;Pipeline { filter(avg_X < 9820000.0000) };9.18608e-01;1.00000e+00;Pipeline { filter(avg_Y < 583000000.0000) };9.18608e-01;1.00000e+00;Pipeline { filter(avg_Y < 8320000000.0000) }
datasets/geolife_60mins.csv;nsga2;5;32;3200;3200;7.84150e+01;100;100;100;1.00000e+00;1.00000e+00;1.60000e-01;9.36791e-01;8.85749e-01;Pipeline { filter(avg_Y < 409000.0000) };9.18608e-01;1.00000e+00;Pipeline { filter(avg_X < 989000000.0000) };9.18608e-01;1.00000e+00;Pipeline { filter(avg_Y < 984000000.0000) };9.18608e-01;1.00000e+00;Pipeline { filter(avg_Y < 63800000.0000) }
datasets/geolife_60mins.csv;nsga2;5;33;3300;3300;8.07650e+01;100;100;100;1.00000e+00;1.00000e+00;1.80000e-01;9.36791e-01;8.85749e-01;Pipeline { filter(avg_Y < 409000.0000) };9.18608e-01;1.00000e+00;Pipeline { filter(avg_Y < 3460000.0000) };9.18608e-01;1.00000e+00;Pipeline { filter(avg_X < 9950000.0000) };9.18608e-01;1.00000e+00;Pipeline { filter(avg_X < 89600000.0000) }
datasets/geolife_60mins.csv;nsga2;5;34;3400;3400;8.32690e+01;100;100;100;1.00000e+00;1.00000e+00;1.80000e-01;9.36791e-01;8.85749e-01;Pipeline { filter(avg_Y < 409000.0000) };9.18608e-01;1.00000e+00;Pipeline { filter(avg_Y < 14500000.0000) };9.18608e-01;1.00000e+00;Pipeline { filter(avg_Y < 14500000.0000) };9.18608e-01;1.00000e+00;Pipeline { filter(avg_X < 546000000.0000) }
datasets/geolife_60mins.csv;nsga2;5;35;3500;3500;8.57340e+01;100;100;100;1.00000e+00;1.00000e+00;1.80000e-01;9.36791e-01;8.85749e-01;Pipeline { filter(avg_Y < 409000.0000) };9.18608e-01;1.00000e+00;Pipeline { filter(avg_Y < 76200000.0000) };9.18608e-01;1.00000e+00;Pipeline { filter(avg_Y < 76200000.0000) };9.18608e-01;1.00000e+00;Pipeline { filter(avg_Y < 12000000.0000) }
datasets/geolife_60mins.csv;nsga2;5;36;3600;3600;8.80730e+01;100;100;100;1.00000e+00;1.00000e+00;1.80000e-01;9.36791e-01;8.85749e-01;Pipeline { filter(avg_Y < 409000.0000) };9.18608e-01;1.00000e+00;Pipeline { filter(avg_X < 88600000.0000) };9.18608e-01;1.00000e+00;Pipeline { filter(avg_X < 88600000.0000) };9.18608e-01;1.00000e+00;Pipeline { filter(avg_Y < 90600000.0000) }
datasets/geolife_60mins.csv;nsga2;5;37;3700;3700;9.05900e+01;100;100;100;1.00000e+00;1.00000e+00;1.90000e-01;9.36791e-01;8.85749e-01;Pipeline { filter(avg_Y < 409000.0000) };9.18608e-01;1.00000e+00;Pipeline { filter(avg_X < 752000000.0000) };9.18771e-01;9.99454e-01;Pipeline { filter(avg_X < 3540000.0000) };9.18608e-01;1.00000e+00;Pipeline { filter(avg_X < 93800000.0000) }
datasets/geolife_60mins.csv;nsga2;5;38;3800;3800;9.28740e+01;100;100;100;1.00000e+00;1.00000e+00;1.90000e-01;9.36791e-01;8.85749e-01;Pipeline { filter(avg_Y < 409000.0000) };9.18608e-01;1.00000e+00;Pipeline { filter(avg_Y < 76200000.0000) };9.18771e-01;9.99454e-01;Pipeline { filter(avg_X < 3820000.0000) };9.18608e-01;1.00000e+00;Pipeline { filter(avg_X < 86600000.0000) }
datasets/geolife_60mins.csv;nsga2;5;39;3900;3900;9.51850e+01;100;100;100;1.00000e+00;1.00000e+00;1.90000e-01;9.36791e-01;8.85749e-01;Pipeline { filter(avg_Y < 409000.0000) };9.18608e-01;1.00000e+00;Pipeline { filter(avg_Y < 4400000.0000) };9.18771e-01;9.99454e-01;Pipeline { filter(avg_X < 4030000.0000) };9.18608e-01;1.00000e+00;Pipeline { filter(avg_X < 9470000000.0000) }
datasets/geolife_60mins.csv;nsga2;5;40;4000;4000;9.74500e+01;100;100;100;1.00000e+00;1.00000e+00;2.00000e-01;9.36791e-01;8.85749e-01;Pipeline { filter(avg_Y < 409000.0000) };9.18608e-01;1.00000e+00;Pipeline { filter(avg_X < 96000000.0000) };9.18771e-01;9.99454e-01;Pipeline { filter(avg_X < 4030000.0000) };9.18608e-01;1.00000e+00;Pipeline { filter(avg_X < 78400000.0000) }
datasets/geolife_60mins.csv;nsga2;5;41;4100;4100;9.97480e+01;100;100;100;1.00000e+00;1.00000e+00;2.00000e-01;9.36791e-01;8.85749e-01;Pipeline { filter(avg_Y < 409000.0000) };9.18608e-01;1.00000e+00;Pipeline { filter(avg_X < 479000000.0000) };9.18771e-01;9.99454e-01;Pipeline { filter(avg_X < 3230000.0000) };9.18608e-01;1.00000e+00;Pipeline { filter(avg_Y < 7480000000.0000) }
datasets/geolife_60mins.csv;nsga2;5;42;4200;4200;1.02067e+02;100;100;100;1.00000e+00;1.00000e+00;2.00000e-01;9.36791e-01;8.85749e-01;Pipeline { filter(avg_Y < 409000.0000) };9.18608e-01;1.00000e+00;Pipeline { filter(avg_Y < 98000000.0000) };9.18771e-01;9.99454e-01;Pipeline { filter(avg_X < 4400000.0000) };9.18608e-01;1.00000e+00;Pipeline { filter(avg_X < 978000000.0000) }
datasets/geolife_60mins.csv;nsga2;5;43;4300;4300;1.04597e+02;100;100;100;1.00000e+00;1.00000e+00;2.00000e-01;9.36791e-01;8.85749e-01;Pipeline { filter(avg_Y < 409000.0000) };9.18608e-01;1.00000e+00;Pipeline { filter(avg_Y < 46200000.0000) };9.18779e-01;9.98627e-01;Pipeline { filter(avg_X < 2390000.0000) };9.18608e-01;1.00000e+00;Pipeline { filter(avg_Y < 8480000.0000) }
datasets/geolife_60mins.csv;nsga2;5;44;4400;4400;1.06887e+02;100;100;100;1.00000e+00;1.00000e+00;2.00000e-01;9.36791e-01;8.85749e-01;Pipeline { filter(avg_Y < 409000.0000) };9.18608e-01;1.00000e+00;Pipeline { filter(avg_Y < 4430000000.0000) };9.18779e-01;9.98627e-01;Pipeline { filter(avg_X < 2480000.0000) };9.18608e-01;1.00000e+00;Pipeline { filter(avg_X < 672000000.0000) }
datasets/geolife_60mins.csv;nsga2;5;45;4500;4500;1.09412e+02;100;100;100;1.00000e+00;1.00000e+00;2.00000e-01;9.36791e-01;8.85749e-01;Pipeline { filter(avg_Y < 409000.0000) };9.18608e-01;1.00000e+00;Pipeline { filter(avg_X < 692000000.0000) };9.18779e-01;9.98627e-01;Pipeline { filter(avg_X < 2390000.0000) };9.18608e-01;1.00000e+00;Pipeline { filter(avg_Y < 88300000.0000) }
datasets/geolife_60mins.csv;nsga2;5;46;4600;4600;1.11735e+02;100;100;100;1.00000e+00;1.00000e+00;2.00000e-01;9.36791e-01;8.85749e-01;Pipeline { filter(avg_Y < 409000.0000) };9.18608e-01;1.00000e+00;Pipeline { filter(avg_X < 6700000000.0000) };9.18779e-01;9.98627e-01;Pipeline { filter(avg_X < 2480000.0000) };9.18608e-01;1.00000e+00;Pipeline { filter(avg_Y < 7400000.0000) }
datasets/geolife_60mins.csv;nsga2;5;47;4700;4700;1.14144e+02;100;100;100;1.00000e+00;1.00000e+00;2.00000e-01;9.36791e-01;8.85749e-01;Pipeline { filter(avg_Y < 409000.0000) };9.18608e-01;1.00000e+00;Pipeline { filter(avg_Y < 8950000.0000) };9.18779e-01;9.98627e-01;Pipeline { filter(avg_X < 2480000.0000) };9.18608e-01;1.00000e+00;Pipeline { filter(avg_Y < 5770000000.0000) }
datasets/geolife_60mins.csv;nsga2;5;48;4800;4800;1.16644e+02;100;100;100;1.00000e+00;1.00000e+00;2.00000e-01;9.36791e-01;8.85749e-01;Pipeline { filter(avg_Y < 409000.0000) };9.18608e-01;1.00000e+00;Pipeline { filter(avg_Y < 617000000.0000) };9.18779e-01;9.98627e-01;Pipeline { filter(avg_X < 2390000.0000) };9.18608e-01;1.00000e+00;Pipeline { filter(avg_Y < 5680000000.0000) }
datasets/geolife_60mins.csv;nsga2;5;49;4900;4900;1.18941e+02;100;100;100;1.00000e+00;1.00000e+00;2.00000e-01;9.36791e-01;8.85749e-01;Pipeline { filter(avg_Y < 409000.0000) };9.18608e-01;1.00000e+00;Pipeline { filter(avg_X < 6920000.0000) };9.18779e-01;9.98627e-01;Pipeline { filter(avg_X < 2480000.0000) };9.18608e-01;1.00000e+00;Pipeline { filter(avg_Y < 577000000.0000) }
datasets/geolife_60mins.csv;nsga2;5;50;5000;5000;1.21311e+02;100;100;100;1.00000e+00;9.90000e-01;2.00000e-01;9.36791e-01;8.85749e-01;Pipeline { filter(avg_Y < 409000.0000) };9.18608e-01;1.00000e+00;Pipeline { filter(avg_Y < 52000000.0000) };9.18779e-01;9.98627e-01;Pipeline { filter(avg_X < 2220000.0000) };9.18608e-01;1.00000e+00;Pipeline { filter(avg_X < 385000000.0000) }
