11/03/2004;02.00.00;0.900000;1094;24;2.3;609;45;1579;60;1276;620;10.7;59.7;0.7648
11/03/2004;04.00.00;NaN;1011;14;1.3;527;21;1818;34;1197;445;10.1;60.5;0.7465
11/03/2004;05.00.00;0.700000;1066;8;1.1;512;16;1918;28;1182;422;11.0;56.2;0.7366
11/03/2004;06.00.00;0.700000;1052;16;1.6;553;34;1738;48;1221;472;10.5;58.1;0.7353
11/03/2004;23.00.00;1.000000;913;26;2.6;629;47;1565;53;1252;552;8.2;60.8;0.6657
12/03/2004;04.00.00;NaN;831;10;1.1;506;21;1893;32;1134;384;6.1;65.9;0.6248
12/03/2004;05.00.00;0.600000;847;7;1.0;501;30;1895;44;1155;394;6.3;65.0;0.6233
13/03/2004;06.00.00;1.200000;1100;27;2.9;646;53;1406;60;1268;835;7.2;67.5;0.6887
14/03/2004;05.00.00;1.200000;1062;32;3.7;691;53;1272;70;1377;929;11.5;63.1;0.8533
14/03/2004;06.00.00;1.000000;1076;29;2.5;618;44;1395;63;1333;872;11.6;62.2;0.8473
16/03/2004;02.00.00;0.800000;968;29;2.8;640;43;1320;61;1386;867;14.8;59.2;0.9879
16/03/2004;05.00.00;0.600000;937;17;2.0;585;38;1412;52;1348;793;12.8;63.2;0.9283
17/03/2004;04.00.00;NaN;883;17;1.9;577;54;1396;60;1303;808;12.7;57.9;0.8447
17/03/2004;05.00.00;0.500000;869;11;1.6;554;28;1460;40;1268;667;11.8;58.0;0.8026
17/03/2004;06.00.00;0.500000;891;18;1.9;576;46;1417;53;1289;733;11.9;57.4;0.7978
18/03/2004;05.00.00;0.600000;931;20;2.5;623;37;1293;57;1307;828;12.0;58.9;0.8233
19/03/2004;02.00.00;0.900000;999;NaN;3.6;688;48;1229;63;1380;594;12.5;69.3;1.0029
19/03/2004;04.00.00;NaN;934;NaN;1.8;569;20;1440;32;1280;397;12.3;67.7;0.9665
19/03/2004;05.00.00;0.500000;913;NaN;1.3;525;18;1620;28;1260;370;12.5;66.8;0.9620
20/03/2004;04.00.00;NaN;945;NaN;2.9;646;44;1308;55;1332;505;13.8;54.6;0.8574
20/03/2004;05.00.00;0.800000;956;NaN;3.1;661;42;1260;53;1351;518;13.6;55.1;0.8560
21/03/2004;05.00.00;1.100000;1062;NaN;4.0;711;55;1136;66;1461;700;14.9;60.6;1.0196
21/03/2004;06.00.00;0.700000;947;NaN;2.1;594;24;1300;36;1390;580;14.5;63.0;1.0316
21/03/2004;14.00.00;1.300000;1128;NaN;4.6;742;48;1144;48;1507;610;21.4;40.3;1.0126
22/03/2004;02.00.00;0.600000;897;NaN;1.7;563;23;1417;33;1355;472;16.3;57.0;1.0491
22/03/2004;04.00.00;NaN;854;NaN;0.8;481;17;1756;27;1304;396;16.1;55.9;1.0153
22/03/2004;05.00.00;0.300000;845;NaN;0.7;472;15;1786;23;1278;378;16.5;53.9;1.0049
22/03/2004;06.00.00;0.600000;942;NaN;2.0;586;41;1480;46;1373;432;16.4;54.0;0.9979
23/03/2004;00.00.00;0.900000;982;73;3.8;700;53;1204;72;1359;735;13.8;51.4;0.8071
23/03/2004;01.00.00;0.800000;969;48;2.7;636;47;1271;64;1309;684;14.0;51.3;0.8163
23/03/2004;02.00.00;0.700000;941;47;2.5;621;51;1298;70;1330;714;13.0;56.8;0.8444
23/03/2004;04.00.00;NaN;855;25;0.8;478;20;1701;31;1261;401;10.1;76.8;0.9483
23/03/2004;05.00.00;0.300000;834;19;0.6;459;13;1908;22;1212;361;8.8;80.5;0.9147
23/03/2004;06.00.00;0.500000;909;26;1.8;567;33;1542;47;1287;418;9.6;75.4;0.9004
24/03/2004;02.00.00;0.900000;948;35;2.7;634;43;1320;61;1326;715;11.3;60.0;0.8025
24/03/2004;04.00.00;NaN;908;29;1.7;559;44;1477;66;1287;721;10.2;62.7;0.7813
24/03/2004;05.00.00;0.600000;892;20;1.2;522;34;1572;54;1255;648;10.9;58.6;0.7628
24/03/2004;06.00.00;0.800000;954;32;1.7;561;43;1496;57;1255;612;10.8;57.2;0.7382
25/03/2004;01.00.00;1.000000;970;52;2.5;621;42;1400;58;1249;479;11.0;58.4;0.7686
25/03/2004;02.00.00;0.700000;902;38;1.8;568;38;1450;54;1253;479;9.1;68.1;0.7890
25/03/2004;04.00.00;0.500000;858;29;0.9;490;18;1707;28;1212;378;9.3;72.3;0.8496
25/03/2004;05.00.00;0.500000;878;21;0.6;457;12;1935;20;1158;344;9.9;66.8;0.8152
25/03/2004;06.00.00;0.600000;893;46;1.4;540;43;1604;51;1268;413;7.6;83.2;0.8695
26/03/2004;04.00.00;0.700000;925;40;2.2;602;45;1398;59;1263;562;8.0;69.4;0.7459
27/03/2004;05.00.00;0.800000;915;27;1.9;578;32;1417;48;1212;665;8.2;58.9;0.6444
27/03/2004;06.00.00;0.900000;935;25;2.4;615;54;1373;59;1250;717;6.3;66.6;0.6410
28/03/2004;05.00.00;0.800000;870;54;2.6;626;39;1325;52;1284;755;9.6;58.5;0.7000
28/03/2004;14.00.00;1.000000;927;55;3.8;700;50;1285;53;1189;452;18.6;25.0;0.5319
29/03/2004;00.00.00;0.900000;888;40;2.2;598;46;1396;58;1156;417;10.6;48.0;0.6135
29/03/2004;01.00.00;0.600000;818;27;1.3;524;21;1588;31;1071;341;10.7;45.8;0.5895
29/03/2004;02.00.00;0.500000;840;23;1.1;509;22;1643;38;1076;352;10.4;46.6;0.5901
29/03/2004;04.00.00;0.600000;864;21;1.2;516;39;1496;59;1153;502;11.3;46.9;0.6280
29/03/2004;05.00.00;0.700000;898;33;1.7;559;55;1441;70;1180;648;10.1;51.2;0.6341
29/03/2004;23.00.00;1.000000;900;55;2.8;643;55;1339;74;1089;455;12.4;31.9;0.4583
30/03/2004;01.00.00;0.700000;866;33;1.8;569;41;1468;66;1055;436;11.6;33.6;0.4595
30/03/2004;02.00.00;0.700000;900;32;1.7;563;46;1402;73;1130;618;10.5;42.9;0.5442
30/03/2004;04.00.00;NaN;897;29;1.3;529;41;1462;69;1101;693;12.2;37.2;0.5277
30/03/2004;05.00.00;0.700000;956;26;2.3;605;52;1341;71;1117;691;12.9;33.9;0.5037
31/03/2004;01.00.00;1.000000;973;50;2.7;631;44;1287;64;1240;541;14.8;40.8;0.6814
31/03/2004;02.00.00;0.900000;972;66;2.8;639;47;1222;70;1256;678;14.8;40.8;0.6834
31/03/2004;04.00.00;0.500000;851;18;0.8;477;15;1699;26;1064;343;14.5;36.1;0.5928
31/03/2004;05.00.00;0.600000;909;31;1.5;545;44;1473;58;1131;436;14.6;36.0;0.5947
01/04/2004;02.00.00;1.100000;1034;71;4.1;716;50;1085;55;1405;891;10.7;67.2;0.8630
02/04/2004;04.00.00;NaN;926;36;2.8;638;37;1195;52;1342;749;11.2;65.9;0.8775
06/04/2004;01.00.00;0.800000;978;66;2.7;635;36;1188;51;1382;579;15.9;57.0;1.0224
06/04/2004;02.00.00;0.500000;933;40;1.5;547;25;1357;39;1336;542;15.0;59.2;1.0059
06/04/2004;04.00.00;0.500000;908;39;1.8;569;24;1303;35;1360;526;14.1;61.6;0.9883
07/04/2004;01.00.00;0.700000;889;49;2.3;603;35;1308;46;1271;455;15.6;44.9;0.7920
07/04/2004;02.00.00;0.400000;830;30;1.4;538;21;1475;30;1214;392;15.6;44.4;0.7827
07/04/2004;04.00.00;0.300000;804;30;0.7;468;12;1826;19;1166;320;15.7;45.4;0.8063
07/04/2004;05.00.00;0.300000;824;32;0.8;478;22;1705;32;1200;331;15.3;50.1;0.8617
07/04/2004;06.00.00;0.800000;1000;59;3.6;688;55;1257;61;1398;426;14.2;58.6;0.9443
08/04/2004;04.00.00;NaN;823;38;1.8;568;43;1366;57;1263;699;8.3;75.6;0.8302
10/04/2004;04.00.00;0.800000;898;69;3.3;669;46;1163;52;1386;807;10.8;70.3;0.9092
11/04/2004;01.00.00;1.200000;978;75;4.0;711;48;1144;63;1304;750;11.0;56.6;0.7418
11/04/2004;04.00.00;NaN;863;49;3.0;651;38;1224;52;1286;712;7.8;70.4;0.7463
11/04/2004;05.00.00;0.700000;836;38;2.9;643;38;1244;49;1306;727;7.7;70.7;0.7463
11/04/2004;06.00.00;0.800000;856;44;2.9;644;41;1259;49;1301;746;7.4;71.0;0.7346
11/04/2004;07.00.00;0.900000;888;60;3.0;651;51;1240;52;1298;733;8.2;66.6;0.7283
11/04/2004;09.00.00;1.000000;938;70;3.9;706;47;1177;51;1320;642;13.0;47.9;0.7116
11/04/2004;14.00.00;0.600000;797;54;2.3;606;26;1452;35;1076;368;22.2;18.9;0.4993
11/04/2004;15.00.00;0.900000;854;48;3.1;658;42;1409;46;1108;369;22.0;19.0;0.4969
11/04/2004;16.00.00;1.000000;892;66;3.2;665;55;1348;58;1150;394;21.0;23.6;0.5788
12/04/2004;00.00.00;0.700000;840;31;1.6;556;41;1474;58;1094;366;13.7;38.3;0.5957
12/04/2004;01.00.00;0.600000;799;29;1.1;514;42;1615;59;1036;332;14.1;34.0;0.5442
12/04/2004;02.00.00;0.700000;856;34;2.0;581;36;1448;54;1111;346;14.6;34.0;0.5605
12/04/2004;04.00.00;0.300000;753;9;0.7;462;16;1822;25;955;274;13.9;30.9;0.4868
12/04/2004;05.00.00;0.300000;785;14;0.5;448;16;1923;26;1003;263;13.5;37.9;0.5852
12/04/2004;06.00.00;0.400000;835;23;0.7;472;33;1756;49;1117;314;13.9;43.6;0.6871
12/04/2004;07.00.00;0.500000;865;36;0.9;494;39;1613;53;1185;367;13.5;50.1;0.7706
12/04/2004;08.00.00;0.600000;922;39;1.5;541;45;1453;57;1246;432;13.3;53.6;0.8169
12/04/2004;13.00.00;0.600000;895;39;1.4;536;53;1415;56;1229;421;11.2;64.4;0.8537
12/04/2004;23.00.00;0.800000;914;56;2.4;610;54;1322;65;1230;455;10.4;58.4;0.7352
13/04/2004;00.00.00;0.700000;893;48;2.0;587;46;1368;58;1219;433;10.7;58.2;0.7459
13/04/2004;01.00.00;0.500000;844;27;1.3;532;25;1499;36;1176;376;10.5;59.9;0.7624
13/04/2004;02.00.00;0.300000;837;29;1.2;518;18;1581;29;1182;360;10.5;60.8;0.7704
13/04/2004;04.00.00;0.300000;825;47;0.9;489;21;1565;28;1171;363;11.1;60.1;0.7925
14/04/2004;02.00.00;0.700000;900;66;2.7;635;47;1207;60;1307;836;11.1;63.2;0.8331
14/04/2004;04.00.00;NaN;840;40;1.7;563;45;1349;57;1275;755;10.7;63.8;0.8174
24/04/2004;04.00.00;NaN;948;55;3.8;700;45;1045;60;1430;939;16.9;49.8;0.9514
24/04/2004;22.00.00;1.100000;1007;64;3.0;650;53;1157;54;1404;528;12.9;79.7;1.1774
25/04/2004;04.00.00;NaN;777;40;1.2;521;23;1535;33;1121;350;12.5;51.2;0.7374
25/04/2004;05.00.00;0.300000;763;20;0.7;471;14;1783;20;1098;305;12.5;50.9;0.7346
25/04/2004;06.00.00;0.500000;804;31;1.1;505;34;1718;37;1148;329;12.8;49.3;0.7285
25/04/2004;07.00.00;0.600000;830;41;1.4;535;42;1496;50;1184;375;13.5;48.6;0.7487
25/04/2004;08.00.00;0.600000;833;40;1.6;553;40;1476;45;1180;373;14.4;45.9;0.7476
25/04/2004;09.00.00;0.800000;875;35;2.3;603;48;1370;48;1206;385;15.1;43.9;0.7487
25/04/2004;13.00.00;0.800000;830;46;2.2;596;54;1389;52;1145;371;17.9;30.7;0.6234
25/04/2004;14.00.00;0.700000;807;50;2.0;584;41;1488;44;1104;347;18.3;27.2;0.5675
26/04/2004;00.00.00;1.100000;893;66;3.9;703;55;1192;57;1283;515;14.1;44.9;0.7206
26/04/2004;01.00.00;0.700000;838;45;2.2;601;33;1361;43;1220;434;14.2;45.5;0.7333
26/04/2004;02.00.00;0.400000;803;36;1.3;527;17;1513;25;1152;369;14.1;45.3;0.7247
26/04/2004;04.00.00;NaN;767;17;0.6;454;10;1826;17;1091;319;14.1;43.0;0.6890
26/04/2004;05.00.00;0.400000;809;21;1.2;521;35;1575;44;1158;378;13.9;43.9;0.6923
27/04/2004;00.00.00;0.800000;861;51;2.2;601;39;1351;51;1225;439;15.4;43.0;0.7482
27/04/2004;01.00.00;0.700000;826;41;1.7;560;25;1424;39;1197;402;15.7;42.5;0.7539
27/04/2004;02.00.00;0.500000;846;31;1.6;557;19;1385;32;1212;406;15.6;43.4;0.7651
27/04/2004;04.00.00;NaN;909;41;2.5;617;34;1236;49;1302;558;14.7;49.9;0.8280
28/04/2004;01.00.00;1.000000;953;86;4.4;735;54;999;74;1396;898;18.1;44.7;0.9186
28/04/2004;02.00.00;0.600000;892;51;2.8;639;41;1139;64;1359;803;16.5;50.1;0.9331
28/04/2004;04.00.00;NaN;859;35;2.2;602;24;1209;40;1321;644;14.7;56.2;0.9341
28/04/2004;05.00.00;0.500000;856;33;2.5;619;29;1191;39;1345;677;16.3;52.8;0.9722
29/04/2004;01.00.00;1.000000;1042;84;5.2;772;51;923;61;1495;968;16.8;59.5;1.1269
29/04/2004;02.00.00;0.600000;926;60;2.8;639;34;1115;54;1409;814;15.9;60.1;1.0806
29/04/2004;04.00.00;NaN;889;40;2.5;617;31;1168;44;1382;758;14.6;63.4;1.0446
30/04/2004;04.00.00;NaN;1017;59;4.0;711;46;1009;56;1554;906;15.4;78.5;1.3635
01/05/2004;04.00.00;NaN;882;NaN;3.5;685;35;1134;42;1492;673;16.2;69.9;1.2756
01/05/2004;05.00.00;0.600000;858;NaN;2.6;624;24;1205;32;1434;543;16.7;67.1;1.2619
01/05/2004;06.00.00;0.700000;875;NaN;3.1;659;30;1180;35;1452;561;16.7;66.9;1.2631
02/05/2004;02.00.00;0.900000;938;NaN;5.5;789;38;989;55;1536;864;16.4;62.2;1.1507
02/05/2004;04.00.00;NaN;854;NaN;3.3;670;26;1141;35;1460;684;14.8;65.8;1.1028
02/05/2004;05.00.00;0.600000;815;NaN;2.6;628;33;1212;37;1426;689;14.7;65.2;1.0811
02/05/2004;07.00.00;0.800000;911;NaN;4.8;751;48;1036;46;1518;817;14.3;66.2;1.0728
03/05/2004;01.00.00;0.800000;917;NaN;3.0;654;37;1169;52;1414;545;17.6;54.6;1.0918
03/05/2004;02.00.00;0.600000;888;NaN;2.2;598;26;1228;39;1397;500;16.4;62.1;1.1493
03/05/2004;04.00.00;NaN;876;NaN;1.5;547;25;1256;33;1351;505;16.0;61.4;1.1043
04/05/2004;02.00.00;0.600000;911;NaN;2.2;599;32;1189;48;1517;633;16.1;80.0;1.4562
04/05/2004;04.00.00;NaN;881;NaN;1.5;546;21;1335;28;1465;458;15.6;81.0;1.4216
04/05/2004;05.00.00;0.600000;967;NaN;2.9;646;49;1117;47;1552;579;15.7;80.5;1.4236
04/05/2004;16.00.00;1.200000;960;NaN;6.3;828;55;971;54;1565;617;19.9;55.2;1.2701
04/05/2004;22.00.00;0.900000;870;NaN;4.3;729;43;1096;53;1475;586;18.5;56.0;1.1810
05/05/2004;00.00.00;0.700000;830;NaN;2.3;608;33;1282;41;1370;441;18.6;52.3;1.1121
05/05/2004;01.00.00;0.500000;778;NaN;1.4;534;14;1480;22;1294;358;19.0;49.8;1.0831
05/05/2004;02.00.00;0.500000;820;NaN;1.5;541;18;1450;28;1360;377;15.7;64.5;1.1400
05/05/2004;04.00.00;NaN;867;NaN;2.1;589;28;1267;41;1439;468;14.7;74.1;1.2302
06/05/2004;01.00.00;0.900000;835;NaN;3.4;674;46;1201;58;1416;488;12.0;75.0;1.0499
06/05/2004;02.00.00;0.500000;766;NaN;1.2;523;19;1534;30;1310;387;12.6;72.2;1.0503
06/05/2004;04.00.00;NaN;758;NaN;1.2;517;15;1625;22;1294;351;13.1;67.1;1.0079
06/05/2004;05.00.00;0.600000;804;NaN;2.3;604;48;1366;50;1357;420;13.2;64.6;0.9774
06/05/2004;22.00.00;0.900000;883;NaN;3.9;705;51;1133;65;1422;655;15.4;58.8;1.0215
07/05/2004;02.00.00;0.900000;855;NaN;3.3;669;46;1160;56;1427;671;13.7;69.4;1.0794
07/05/2004;04.00.00;NaN;831;NaN;2.2;602;32;1269;41;1386;535;14.0;67.8;1.0787
07/05/2004;05.00.00;0.700000;817;NaN;2.8;639;51;1260;48;1364;489;14.6;61.1;1.0075
08/05/2004;02.00.00;0.500000;758;NaN;1.5;546;27;1483;33;1252;396;14.6;53.3;0.8807
11/05/2004;01.00.00;0.400000;834;NaN;2.8;637;36;1187;53;1362;699;15.0;59.8;1.0142
11/05/2004;02.00.00;0.200000;787;NaN;1.6;549;28;1366;43;1317;596;14.3;61.9;1.0031
11/05/2004;04.00.00;NaN;807;NaN;1.8;571;46;1305;53;1335;704;11.4;70.5;0.9484
11/05/2004;05.00.00;0.600000;866;NaN;3.6;686;55;1135;48;1405;741;12.0;68.0;0.9547
12/05/2004;01.00.00;0.800000;986;NaN;5.2;771;54;964;67;1518;947;17.6;57.6;1.1484
12/05/2004;04.00.00;NaN;872;NaN;2.7;632;37;1132;47;1403;768;15.6;62.2;1.0961
13/05/2004;02.00.00;0.600000;859;NaN;2.5;620;32;1201;47;1316;445;16.2;52.8;0.9626
13/05/2004;04.00.00;NaN;792;NaN;1.0;501;21;1554;25;1252;354;16.2;53.0;0.9672
13/05/2004;05.00.00;0.400000;835;NaN;1.7;560;41;1409;49;1317;407;16.2;53.7;0.9799
15/05/2004;02.00.00;1.000000;935;NaN;5.4;786;55;964;71;1389;954;17.4;43.4;0.8553
15/05/2004;04.00.00;NaN;867;NaN;4.4;734;48;1043;58;1324;808;14.6;51.4;0.8489
15/05/2004;05.00.00;0.500000;839;NaN;2.8;638;33;1171;44;1271;643;15.7;46.9;0.8329
15/05/2004;06.00.00;0.600000;873;NaN;3.9;704;41;1091;49;1322;756;15.3;49.7;0.8552
16/05/2004;02.00.00;0.900000;911;NaN;4.6;743;41;1052;54;1370;739;16.7;43.4;0.8193
16/05/2004;04.00.00;NaN;808;NaN;2.6;630;30;1234;43;1256;573;15.2;45.5;0.7830
16/05/2004;05.00.00;0.400000;792;NaN;2.2;599;32;1262;45;1235;564;13.5;50.1;0.7706
16/05/2004;06.00.00;0.400000;822;NaN;2.0;581;34;1326;47;1256;602;14.2;49.9;0.8025
16/05/2004;13.00.00;0.900000;941;NaN;4.8;753;45;1173;56;1311;468;30.6;19.4;0.8348
16/05/2004;14.00.00;0.900000;991;NaN;5.3;776;45;1122;60;1375;468;29.9;22.0;0.9181
16/05/2004;15.00.00;1.200000;1117;NaN;7.1;862;54;995;64;1476;530;31.5;21.9;0.9970
17/05/2004;01.00.00;0.900000;835;NaN;3.7;691;52;1265;67;1182;517;19.1;25.9;0.5673
17/05/2004;02.00.00;0.500000;773;NaN;1.8;568;25;1474;37;1113;392;18.4;27.6;0.5799
17/05/2004;04.00.00;NaN;805;NaN;1.4;534;28;1454;40;1112;409;16.3;34.1;0.6257
18/05/2004;00.00.00;1.000000;914;NaN;5.2;774;53;1091;65;1323;706;20.0;31.5;0.7262
18/05/2004;01.00.00;0.400000;839;NaN;2.4;609;36;1276;59;1286;643;20.8;32.3;0.7813
18/05/2004;02.00.00;0.300000;830;NaN;2.0;582;30;1310;50;1264;608;20.0;34.5;0.7954
18/05/2004;04.00.00;NaN;832;NaN;1.5;547;15;1320;23;1254;469;18.3;40.0;0.8345
18/05/2004;05.00.00;0.500000;903;NaN;3.1;656;38;1155;37;1361;618;17.0;44.6;0.8593
19/05/2004;01.00.00;0.700000;940;NaN;4.2;724;44;1012;68;1407;867;19.2;43.6;0.9591
19/05/2004;02.00.00;0.500000;901;NaN;3.0;653;41;1094;65;1367;822;18.4;45.7;0.9599
19/05/2004;04.00.00;NaN;846;NaN;2.2;598;33;1211;52;1332;669;16.3;51.4;0.9468
19/05/2004;05.00.00;0.300000;848;NaN;2.2;598;32;1219;46;1318;628;17.0;49.2;0.9459
19/05/2004;06.00.00;0.700000;980;NaN;5.7;800;46;983;54;1462;810;16.4;52.1;0.9612
20/05/2004;01.00.00;0.800000;1046;NaN;5.8;803;48;900;73;1490;823;18.0;53.0;1.0832
20/05/2004;02.00.00;0.500000;956;NaN;3.1;661;38;1043;59;1398;701;18.4;51.7;1.0819
20/05/2004;04.00.00;NaN;877;NaN;1.6;549;14;1265;26;1317;463;19.6;47.7;1.0736
20/05/2004;05.00.00;0.300000;925;NaN;2.3;609;26;1168;35;1363;533;17.3;54.1;1.0582
21/05/2004;01.00.00;0.600000;937;NaN;3.8;698;42;1039;64;1382;768;20.1;42.0;0.9763
21/05/2004;02.00.00;0.300000;875;NaN;2.5;622;35;1167;58;1331;656;20.0;41.5;0.9571
21/05/2004;04.00.00;NaN;888;NaN;2.8;640;33;1089;47;1330;670;16.5;50.2;0.9320
21/05/2004;05.00.00;0.300000;881;NaN;2.6;624;38;1135;47;1319;656;16.4;50.2;0.9310
22/05/2004;04.00.00;NaN;951;NaN;4.0;713;42;994;58;1385;821;16.9;49.8;0.9544
22/05/2004;05.00.00;0.500000;941;NaN;3.6;687;50;1024;59;1374;777;15.8;53.8;0.9615
23/05/2004;04.00.00;NaN;973;NaN;4.9;761;49;954;55;1501;815;18.0;57.6;1.1788
23/05/2004;05.00.00;0.300000;864;NaN;2.1;591;27;1247;37;1374;507;17.7;56.0;1.1215
23/05/2004;06.00.00;0.400000;886;NaN;2.2;598;41;1257;53;1374;506;17.9;52.4;1.0655
23/05/2004;11.00.00;0.900000;987;NaN;4.5;740;54;1105;53;1407;523;26.7;28.1;0.9688
23/05/2004;13.00.00;1.000000;955;NaN;4.2;723;51;1129;57;1393;559;27.7;25.8;0.9467
23/05/2004;14.00.00;0.800000;924;NaN;3.3;673;28;1247;36;1346;430;28.8;22.7;0.8864
23/05/2004;15.00.00;1.100000;1005;NaN;4.9;758;51;1091;57;1434;522;26.8;27.3;0.9462
24/05/2004;01.00.00;0.500000;849;NaN;2.4;615;31;1285;44;1276;461;17.2;43.1;0.8394
24/05/2004;02.00.00;0.200000;774;NaN;1.0;500;13;1536;21;1169;352;15.8;45.2;0.8052
24/05/2004;04.00.00;NaN;753;NaN;0.5;437;14;1904;19;1110;301;16.3;41.0;0.7513
24/05/2004;05.00.00;0.100000;749;NaN;0.7;466;23;1803;29;1089;307;16.1;36.5;0.6640
25/05/2004;01.00.00;0.200000;837;NaN;2.7;634;41;1200;56;1150;669;15.5;32.2;0.5641
25/05/2004;02.00.00;NaN;746;NaN;0.9;493;17;1522;31;1063;435;17.5;29.1;0.5773
25/05/2004;04.00.00;NaN;742;NaN;0.9;489;19;1559;30;1048;403;14.0;33.7;0.5355
25/05/2004;05.00.00;0.100000;774;NaN;1.7;560;45;1386;51;1107;532;11.6;40.0;0.5462
25/05/2004;06.00.00;0.200000;798;NaN;2.6;630;40;1291;45;1125;536;13.4;34.5;0.5272
29/05/2004;04.00.00;NaN;853;NaN;4.3;727;44;1179;59;1417;621;17.7;51.9;1.0379
29/05/2004;05.00.00;NaN;738;NaN;1.5;545;18;1562;29;1266;450;17.7;49.7;0.9970
29/05/2004;06.00.00;0.100000;762;NaN;2.0;581;41;1588;45;1277;434;17.9;46.1;0.9383
30/05/2004;04.00.00;NaN;815;NaN;5.2;774;43;1113;55;1374;712;17.0;47.7;0.9185
30/05/2004;05.00.00;0.100000;781;NaN;3.1;661;25;1271;37;1299;568;17.2;47.2;0.9178
30/05/2004;06.00.00;0.100000;781;NaN;2.9;645;32;1295;45;1320;575;17.3;47.6;0.9295
30/05/2004;07.00.00;0.200000;828;NaN;3.6;690;48;1263;61;1353;658;18.6;44.2;0.9385
30/05/2004;09.00.00;0.300000;811;NaN;3.0;653;52;1411;60;1269;486;22.0;31.9;0.8335
30/05/2004;11.00.00;0.300000;833;NaN;3.8;697;54;1361;64;1294;496;27.5;22.8;0.8249
30/05/2004;12.00.00;0.300000;832;NaN;4.2;719;52;1318;59;1299;502;28.7;20.7;0.8024
30/05/2004;13.00.00;0.100000;771;NaN;2.6;626;34;1502;41;1210;430;29.1;19.6;0.7771
30/05/2004;14.00.00;0.100000;783;NaN;2.8;637;41;1498;46;1215;439;29.8;18.4;0.7595
30/05/2004;15.00.00;0.200000;815;NaN;4.2;723;41;1378;46;1256;471;32.0;15.0;0.7028
30/05/2004;23.00.00;0.400000;878;NaN;5.4;784;46;1181;64;1407;610;21.4;36.9;0.9271
31/05/2004;00.00.00;0.200000;836;NaN;4.3;728;16;1213;28;1353;518;20.6;39.9;0.9597
31/05/2004;01.00.00;0.300000;855;NaN;4.8;751;27;1107;46;1418;664;19.7;43.2;0.9812
31/05/2004;02.00.00;NaN;759;NaN;2.1;588;4;1323;8;1286;515;19.7;42.4;0.9636
31/05/2004;04.00.00;NaN;736;NaN;1.3;528;19;1451;32;1254;477;18.7;45.4;0.9694
31/05/2004;05.00.00;NaN;765;NaN;2.3;609;48;1304;57;1319;581;16.4;52.4;0.9709
01/06/2004;00.00.00;0.300000;922;NaN;4.7;750;46;1085;45;1585;685;18.6;75.7;1.6074
01/06/2004;01.00.00;NaN;830;NaN;2.9;644;17;1235;23;1487;524;19.6;68.4;1.5443
01/06/2004;02.00.00;NaN;805;NaN;2.0;583;18;1339;26;1494;527;18.0;76.4;1.5608
01/06/2004;04.00.00;NaN;783;NaN;1.3;529;16;1437;24;1435;466;16.5;82.3;1.5318
01/06/2004;05.00.00;0.100000;854;NaN;2.4;613;39;1272;41;1515;565;16.8;81.3;1.5452
02/06/2004;02.00.00;NaN;887;NaN;4.9;758;43;1094;38;1622;804;19.1;69.0;1.5043
02/06/2004;04.00.00;NaN;830;NaN;3.2;662;30;1217;31;1556;704;18.9;67.8;1.4689
02/06/2004;05.00.00;NaN;792;NaN;2.4;611;22;1280;23;1529;657;20.0;63.7;1.4742
02/06/2004;06.00.00;NaN;813;NaN;2.8;639;25;1267;22;1538;655;19.8;64.7;1.4769
02/06/2004;07.00.00;NaN;890;NaN;3.9;703;48;1145;33;1601;751;19.7;65.3;1.4843
02/06/2004;13.00.00;NaN;887;NaN;4.7;748;36;1141;34;1560;596;29.6;33.4;1.3581
02/06/2004;14.00.00;NaN;887;NaN;4.8;754;32;1164;30;1523;560;30.9;30.7;1.3493
02/06/2004;15.00.00;NaN;977;NaN;6.8;850;46;1035;37;1645;701;31.8;31.0;1.4286
03/06/2004;02.00.00;NaN;893;NaN;4.6;741;31;1056;36;1664;743;18.9;79.0;1.7040
03/06/2004;04.00.00;NaN;753;NaN;1.7;562;17;1420;24;1414;454;18.6;64.5;1.3655
05/06/2004;04.00.00;0.700000;852;NaN;4.5;739;37;1095;63;1525;837;19.6;54.8;1.2360
05/06/2004;21.00.00;0.600000;841;NaN;3.8;699;17;1123;30;1508;558;23.0;51.1;1.4175
05/06/2004;22.00.00;0.800000;916;NaN;5.6;791;26;1007;43;1588;679;22.1;53.5;1.4087
05/06/2004;23.00.00;1.700000;1008;NaN;8.0;900;55;907;67;1681;850;21.6;53.6;1.3674
06/06/2004;00.00.00;1.100000;895;NaN;5.6;792;39;975;58;1574;733;21.9;52.7;1.3650
06/06/2004;01.00.00;0.600000;810;NaN;3.8;702;15;1093;24;1529;612;21.3;54.9;1.3707
06/06/2004;02.00.00;1.100000;968;NaN;6.6;840;47;891;58;1727;788;17.5;79.1;1.5709
06/06/2004;04.00.00;1.000000;892;NaN;5.2;773;49;926;62;1660;724;17.1;81.8;1.5816
06/06/2004;05.00.00;0.500000;806;NaN;2.4;615;21;1172;34;1525;543;16.6;80.2;1.5002
06/06/2004;06.00.00;0.700000;827;NaN;3.1;659;33;1115;46;1552;616;16.8;77.4;1.4739
06/06/2004;09.00.00;0.700000;784;NaN;2.8;638;51;1314;54;1412;529;21.6;45.3;1.1533
06/06/2004;11.00.00;0.800000;775;NaN;3.0;653;52;1349;53;1365;491;25.4;31.6;1.0058
06/06/2004;12.00.00;0.800000;773;NaN;3.4;676;49;1331;49;1374;489;26.6;29.0;0.9928
06/06/2004;13.00.00;0.500000;734;NaN;2.3;603;40;1471;48;1303;450;25.9;28.8;0.9475
06/06/2004;14.00.00;0.500000;757;NaN;2.7;635;36;1445;45;1345;451;27.0;28.0;0.9810
06/06/2004;15.00.00;0.700000;817;NaN;3.6;688;51;1299;60;1435;512;23.6;38.1;1.0917
07/06/2004;01.00.00;0.800000;793;NaN;3.9;703;48;1222;64;1439;627;18.7;49.0;1.0462
07/06/2004;02.00.00;0.400000;760;NaN;2.6;626;22;1263;38;1386;575;17.8;54.1;1.0938
07/06/2004;04.00.00;NaN;726;NaN;2.1;591;22;1263;34;1386;579;17.2;57.9;1.1270
07/06/2004;05.00.00;0.500000;732;NaN;2.4;613;44;1273;40;1413;605;18.2;54.1;1.1155
08/06/2004;01.00.00;0.700000;825;NaN;4.2;720;38;1129;55;1511;678;21.0;51.9;1.2794
08/06/2004;02.00.00;0.500000;780;NaN;2.5;621;26;1277;42;1452;586;20.5;54.3;1.2926
08/06/2004;04.00.00;0.300000;734;NaN;1.4;538;19;1449;30;1400;514;21.0;53.1;1.3031
08/06/2004;05.00.00;0.500000;785;NaN;2.8;640;35;1265;40;1467;588;19.6;57.1;1.2851
09/06/2004;01.00.00;1.000000;934;NaN;7.5;878;40;940;54;1644;847;22.5;49.0;1.3151
09/06/2004;02.00.00;0.900000;914;NaN;5.8;801;42;965;57;1609;908;22.3;50.6;1.3486
09/06/2004;04.00.00;0.500000;817;NaN;3.3;672;31;1113;51;1501;751;20.8;54.4;1.3229
09/06/2004;05.00.00;0.500000;833;NaN;4.0;708;54;1084;58;1525;799;20.3;56.0;1.3204
10/06/2004;00.00.00;1.000000;938;NaN;7.6;881;48;956;61;1607;662;24.1;43.3;1.2839
10/06/2004;01.00.00;0.700000;878;NaN;5.2;774;27;1065;42;1527;552;23.9;45.6;1.3328
10/06/2004;02.00.00;1.000000;919;NaN;5.9;807;48;967;66;1598;775;22.0;52.8;1.3752
10/06/2004;04.00.00;NaN;814;NaN;3.3;673;33;1138;50;1488;647;20.1;57.3;1.3352
11/06/2004;02.00.00;0.600000;807;NaN;3.5;681;41;1092;65;1435;765;24.8;37.8;1.1639
11/06/2004;04.00.00;0.400000;789;NaN;2.6;623;36;1146;53;1407;663;22.0;44.3;1.1553
12/06/2004;02.00.00;0.600000;839;NaN;4.3;725;36;1052;52;1368;668;24.1;32.0;0.9467
12/06/2004;04.00.00;0.500000;853;NaN;4.1;716;45;1047;58;1414;707;20.8;40.2;0.9725
12/06/2004;18.00.00;1.100000;1022;NaN;6.2;823;51;964;61;1599;631;32.5;27.6;1.3229
12/06/2004;19.00.00;1.100000;1024;NaN;6.3;828;46;936;52;1601;641;29.1;35.1;1.3919
12/06/2004;20.00.00;1.100000;1048;NaN;6.3;828;52;922;59;1618;683;26.9;39.7;1.3898
13/06/2004;01.00.00;1.000000;972;NaN;5.8;804;47;955;53;1620;734;25.4;45.5;1.4570
13/06/2004;02.00.00;0.600000;880;NaN;3.4;677;24;1109;36;1500;554;26.2;43.6;1.4599
13/06/2004;04.00.00;0.500000;879;NaN;3.1;658;25;1121;39;1511;564;24.4;48.3;1.4499
13/06/2004;05.00.00;0.400000;842;NaN;2.2;597;21;1237;33;1444;512;23.3;51.0;1.4346
13/06/2004;06.00.00;0.400000;797;NaN;1.5;543;25;1466;37;1347;410;21.6;48.1;1.2259
13/06/2004;07.00.00;0.400000;796;NaN;1.3;526;25;1534;36;1322;392;21.4;47.8;1.2005
13/06/2004;08.00.00;0.400000;767;NaN;1.2;520;30;1526;42;1287;377;20.5;46.8;1.1152
13/06/2004;09.00.00;0.500000;784;NaN;1.7;562;42;1460;52;1286;389;20.8;40.7;0.9882
13/06/2004;10.00.00;0.600000;811;NaN;2.5;622;52;1315;60;1307;432;22.3;35.3;0.9371
13/06/2004;13.00.00;0.600000;793;NaN;1.9;579;47;1380;52;1303;427;23.4;34.9;0.9910
13/06/2004;14.00.00;0.500000;794;NaN;1.8;567;35;1426;40;1306;406;23.5;35.2;1.0019
13/06/2004;15.00.00;0.600000;821;NaN;2.4;614;45;1309;49;1350;430;22.4;39.0;1.0400
13/06/2004;16.00.00;0.800000;849;NaN;2.6;628;53;1274;56;1379;453;22.0;41.7;1.0865
13/06/2004;22.00.00;0.700000;807;NaN;2.3;606;45;1340;54;1337;440;19.8;45.7;1.0424
13/06/2004;23.00.00;0.800000;814;NaN;2.6;627;46;1305;57;1351;446;19.6;45.3;1.0244
14/06/2004;00.00.00;0.700000;785;NaN;2.0;582;33;1377;45;1311;417;19.4;45.9;1.0242
14/06/2004;01.00.00;0.500000;748;NaN;1.2;515;19;1580;30;1261;381;19.7;44.8;1.0172
14/06/2004;02.00.00;0.300000;716;NaN;0.7;461;9;1795;16;1235;350;19.5;46.3;1.0363
14/06/2004;04.00.00;NaN;724;NaN;0.5;448;12;1917;18;1256;346;19.1;50.7;1.1090
14/06/2004;05.00.00;0.300000;748;NaN;0.8;477;21;1703;28;1301;380;19.1;52.7;1.1545
15/06/2004;01.00.00;0.700000;792;NaN;2.8;637;31;1249;43;1400;559;21.6;45.8;1.1715
15/06/2004;02.00.00;0.500000;754;NaN;1.4;535;21;1490;33;1335;435;20.7;48.3;1.1680
15/06/2004;04.00.00;0.400000;770;NaN;2.0;586;24;1326;38;1392;527;20.8;48.5;1.1800
15/06/2004;05.00.00;0.500000;797;NaN;3.0;654;38;1097;51;1450;720;20.8;49.4;1.1994
16/06/2004;02.00.00;0.800000;872;NaN;4.0;709;34;1034;51;1522;599;21.3;58.1;1.4570
16/06/2004;04.00.00;0.600000;812;NaN;2.6;626;24;1134;40;1471;625;20.3;58.9;1.3878
16/06/2004;05.00.00;0.500000;810;NaN;2.4;612;27;1163;34;1462;595;21.3;54.5;1.3682
17/06/2004;02.00.00;1.000000;836;NaN;4.4;734;53;1035;68;1501;801;20.8;51.7;1.2572
17/06/2004;04.00.00;NaN;804;NaN;3.3;668;32;1102;51;1479;753;18.8;58.6;1.2581
17/06/2004;05.00.00;0.500000;798;NaN;3.4;677;35;1092;44;1473;696;20.2;53.8;1.2569
18/06/2004;02.00.00;0.500000;791;NaN;3.1;658;30;1140;43;1467;609;24.0;45.8;1.3467
18/06/2004;04.00.00;0.300000;740;NaN;1.8;568;19;1259;32;1404;510;22.8;48.1;1.3184
18/06/2004;05.00.00;0.400000;775;NaN;2.6;628;27;1178;36;1437;554;21.9;50.1;1.3002
19/06/2004;02.00.00;0.600000;861;NaN;4.3;729;39;1043;62;1528;689;23.8;47.3;1.3783
19/06/2004;04.00.00;0.600000;850;NaN;3.9;703;38;1021;54;1511;658;21.2;55.0;1.3689
19/06/2004;05.00.00;0.500000;817;NaN;3.0;651;41;1109;56;1472;628;21.7;52.6;1.3500
19/06/2004;06.00.00;0.500000;825;NaN;3.2;667;47;1079;62;1475;659;22.8;48.9;1.3424
19/06/2004;15.00.00;1.200000;NaN;NaN;NaN;NaN;51;NaN;63;NaN;NaN;NaN;NaN;NaN
19/06/2004;16.00.00;1.100000;NaN;NaN;NaN;NaN;52;NaN;65;NaN;NaN;NaN;NaN;NaN
19/06/2004;17.00.00;1.000000;NaN;NaN;NaN;NaN;46;NaN;63;NaN;NaN;NaN;NaN;NaN
19/06/2004;18.00.00;1.100000;NaN;NaN;NaN;NaN;44;NaN;56;NaN;NaN;NaN;NaN;NaN
20/06/2004;01.00.00;1.200000;NaN;NaN;NaN;NaN;54;NaN;65;NaN;NaN;NaN;NaN;NaN
20/06/2004;02.00.00;1.000000;NaN;NaN;NaN;NaN;48;NaN;60;NaN;NaN;NaN;NaN;NaN
20/06/2004;04.00.00;NaN;NaN;NaN;NaN;NaN;41;NaN;62;NaN;NaN;NaN;NaN;NaN
20/06/2004;05.00.00;1.000000;NaN;NaN;NaN;NaN;40;NaN;60;NaN;NaN;NaN;NaN;NaN
20/06/2004;06.00.00;0.900000;NaN;NaN;NaN;NaN;48;NaN;65;NaN;NaN;NaN;NaN;NaN
20/06/2004;07.00.00;0.800000;NaN;NaN;NaN;NaN;44;NaN;55;NaN;NaN;NaN;NaN;NaN
20/06/2004;10.00.00;1.200000;NaN;NaN;NaN;NaN;53;NaN;64;NaN;NaN;NaN;NaN;NaN
20/06/2004;11.00.00;1.000000;NaN;NaN;NaN;NaN;42;NaN;59;NaN;NaN;NaN;NaN;NaN
20/06/2004;12.00.00;1.000000;NaN;NaN;NaN;NaN;43;NaN;59;NaN;NaN;NaN;NaN;NaN
20/06/2004;13.00.00;0.600000;NaN;NaN;NaN;NaN;23;NaN;36;NaN;NaN;NaN;NaN;NaN
20/06/2004;14.00.00;0.700000;NaN;NaN;NaN;NaN;22;NaN;35;NaN;NaN;NaN;NaN;NaN
20/06/2004;15.00.00;0.800000;NaN;NaN;NaN;NaN;37;NaN;54;NaN;NaN;NaN;NaN;NaN
20/06/2004;16.00.00;1.100000;NaN;NaN;NaN;NaN;53;NaN;71;NaN;NaN;NaN;NaN;NaN
21/06/2004;02.00.00;0.600000;NaN;NaN;NaN;NaN;21;NaN;36;NaN;NaN;NaN;NaN;NaN
21/06/2004;04.00.00;0.300000;732;NaN;1.5;544;15;1353;24;1367;466;18.9;55.2;1.1895
21/06/2004;05.00.00;0.500000;809;NaN;3.5;681;52;1108;43;1463;609;18.2;57.6;1.1930
22/06/2004;01.00.00;0.700000;825;NaN;4.1;715;35;1062;49;1462;613;20.0;50.9;1.1794
22/06/2004;02.00.00;0.400000;758;NaN;1.9;580;22;1215;36;1374;531;22.1;44.3;1.1665
22/06/2004;04.00.00;0.200000;719;NaN;1.2;522;24;1385;40;1343;509;19.8;50.3;1.1444
22/06/2004;05.00.00;0.300000;757;NaN;2.2;596;30;1236;37;1381;560;19.0;52.8;1.1489
23/06/2004;01.00.00;0.800000;849;NaN;4.6;744;51;1004;66;1496;806;22.8;43.9;1.2020
23/06/2004;02.00.00;0.500000;809;NaN;3.2;666;38;1093;55;1455;714;21.8;47.3;1.2189
23/06/2004;04.00.00;NaN;768;NaN;2.1;591;24;1183;37;1402;606;20.8;50.3;1.2207
23/06/2004;05.00.00;0.400000;768;NaN;2.2;597;30;1155;40;1396;606;21.7;46.8;1.2031
24/06/2004;02.00.00;1.000000;962;NaN;5.3;778;35;929;44;1645;726;23.3;59.4;1.6753
24/06/2004;04.00.00;0.600000;871;NaN;2.8;639;21;1062;35;1528;684;23.7;53.5;1.5460
24/06/2004;05.00.00;0.600000;877;NaN;3.1;658;41;1047;46;1530;779;21.2;60.9;1.5092
24/06/2004;06.00.00;0.700000;893;NaN;3.7;696;48;1008;54;1548;801;22.1;56.2;1.4800
24/06/2004;13.00.00;1.100000;975;NaN;5.7;798;51;939;55;1576;570;32.8;28.9;1.4120
24/06/2004;14.00.00;1.200000;988;NaN;6.0;813;52;927;61;1596;596;33.4;27.8;1.4119
25/06/2004;02.00.00;0.900000;839;NaN;3.6;690;34;1030;52;1457;640;24.8;43.4;1.3366
25/06/2004;04.00.00;0.600000;804;NaN;2.4;616;45;1144;64;1427;662;21.7;50.2;1.2917
25/06/2004;05.00.00;0.600000;811;NaN;3.0;651;35;1097;46;1442;579;21.9;50.7;1.3138
26/06/2004;01.00.00;1.000000;857;NaN;5.1;769;52;1006;69;1390;759;22.4;34.9;0.9362
26/06/2004;02.00.00;0.900000;835;NaN;4.5;739;47;1036;61;1382;694;21.2;37.6;0.9355
26/06/2004;04.00.00;NaN;763;NaN;2.5;622;37;1129;58;1321;689;21.2;39.4;0.9802
26/06/2004;05.00.00;0.400000;769;NaN;2.3;606;41;1171;58;1314;610;19.5;42.4;0.9515
26/06/2004;14.00.00;1.000000;927;NaN;5.9;806;51;1013;69;1446;559;38.3;15.8;1.0465
26/06/2004;15.00.00;1.000000;958;NaN;5.6;795;52;1002;65;1481;604;38.4;17.5;1.1609
27/06/2004;02.00.00;1.000000;948;NaN;6.4;829;40;873;53;1638;937;25.2;47.8;1.5076
27/06/2004;04.00.00;0.800000;869;NaN;4.2;723;34;975;45;1522;789;23.2;52.3;1.4668
27/06/2004;05.00.00;0.500000;809;NaN;2.6;628;27;1127;42;1490;682;24.0;50.3;1.4811
27/06/2004;06.00.00;0.600000;833;NaN;2.8;641;30;1088;44;1496;717;23.5;51.2;1.4634
27/06/2004;07.00.00;0.600000;857;NaN;3.1;661;40;1083;50;1511;696;23.5;50.8;1.4520
27/06/2004;13.00.00;0.800000;816;NaN;3.5;684;42;1195;56;1285;467;39.0;15.1;1.0424
27/06/2004;14.00.00;0.700000;841;NaN;4.0;712;38;1175;50;1339;476;41.3;12.8;0.9933
27/06/2004;15.00.00;0.700000;842;NaN;4.2;722;40;1163;54;1294;490;41.8;11.9;0.9476
28/06/2004;01.00.00;1.000000;923;NaN;5.0;765;47;952;63;1508;786;26.7;40.0;1.3754
28/06/2004;02.00.00;0.600000;874;NaN;3.4;679;26;1049;41;1444;619;26.0;41.2;1.3598
28/06/2004;04.00.00;0.400000;838;NaN;2.7;632;24;1079;39;1438;634;24.0;46.6;1.3700
28/06/2004;05.00.00;0.500000;827;NaN;3.1;656;55;1075;60;1447;722;24.0;46.4;1.3689
28/06/2004;06.00.00;0.700000;901;NaN;5.0;763;47;984;54;1552;717;23.7;47.1;1.3602
29/06/2004;01.00.00;0.800000;941;NaN;6.0;814;52;873;65;1592;979;27.5;41.3;1.4962
29/06/2004;02.00.00;0.400000;891;NaN;3.9;705;27;980;46;1534;806;27.3;41.6;1.4906
29/06/2004;04.00.00;NaN;850;NaN;2.8;639;35;1048;57;1519;853;24.8;48.0;1.4857
29/06/2004;05.00.00;0.500000;863;NaN;3.0;652;42;1055;54;1504;816;25.9;45.1;1.4889
30/06/2004;01.00.00;0.900000;965;NaN;6.1;818;35;844;47;1681;777;26.8;52.4;1.8141
30/06/2004;02.00.00;0.800000;961;NaN;5.8;801;33;850;44;1683;798;26.0;54.9;1.8141
30/06/2004;04.00.00;0.500000;864;NaN;2.6;629;28;1052;42;1558;728;26.9;51.8;1.8050
30/06/2004;05.00.00;0.700000;952;NaN;4.6;742;49;892;57;1656;953;24.6;59.1;1.8013
01/07/2004;02.00.00;0.900000;893;NaN;5.1;767;36;918;50;1607;805;26.9;49.3;1.7196
01/07/2004;04.00.00;0.600000;850;NaN;3.2;664;31;1038;40;1568;727;24.9;54.6;1.6908
02/07/2004;04.00.00;NaN;874;NaN;3.3;668;37;1043;54;1513;737;25.3;47.2;1.5025
02/07/2004;05.00.00;0.500000;887;NaN;2.9;647;50;1046;61;1500;740;25.1;48.0;1.5115
03/07/2004;02.00.00;0.700000;897;NaN;4.6;745;50;968;77;1461;807;23.4;40.6;1.1571
03/07/2004;04.00.00;0.400000;828;NaN;2.8;639;27;1077;41;1371;573;22.6;43.0;1.1629
04/07/2004;04.00.00;0.600000;914;NaN;4.3;725;38;949;49;1550;780;21.2;56.8;1.4094
04/07/2004;05.00.00;0.600000;886;NaN;3.8;702;31;971;43;1528;767;20.3;59.6;1.3994
04/07/2004;06.00.00;0.600000;899;NaN;4.0;708;40;972;44;1559;780;21.3;56.7;1.4178
04/07/2004;07.00.00;0.600000;942;NaN;4.2;723;36;968;42;1573;698;23.0;54.6;1.5177
04/07/2004;11.00.00;1.000000;977;NaN;5.4;783;43;939;58;1543;586;33.9;26.2;1.3664
04/07/2004;12.00.00;0.800000;936;NaN;4.9;757;40;1007;52;1459;523;35.8;22.4;1.2933
04/07/2004;13.00.00;0.700000;884;NaN;3.9;703;34;1076;46;1394;488;37.9;18.8;1.2220
04/07/2004;14.00.00;0.400000;809;NaN;3.2;664;28;1185;40;1270;427;38.5;14.8;0.9942
04/07/2004;15.00.00;0.500000;852;NaN;4.1;718;32;1109;47;1307;468;39.3;14.5;1.0149
04/07/2004;16.00.00;0.600000;872;NaN;4.0;708;39;1106;56;1331;489;38.9;15.6;1.0613
04/07/2004;17.00.00;0.700000;839;NaN;4.8;752;52;1102;64;1298;515;37.9;12.7;0.8211
05/07/2004;01.00.00;0.600000;848;NaN;3.7;692;41;1034;55;1412;734;25.5;35.7;1.1499
05/07/2004;02.00.00;0.400000;839;NaN;3.0;652;34;1075;49;1405;671;22.5;43.2;1.1589
05/07/2004;04.00.00;NaN;816;NaN;2.6;624;41;1073;56;1422;729;19.7;51.4;1.1688
05/07/2004;05.00.00;0.400000;799;NaN;2.4;613;38;1120;43;1387;641;21.6;45.7;1.1665
06/07/2004;01.00.00;0.900000;917;NaN;4.9;761;55;931;75;1497;893;25.8;41.0;1.3461
06/07/2004;02.00.00;0.700000;881;NaN;4.1;718;43;965;60;1510;837;23.3;48.4;1.3677
06/07/2004;04.00.00;0.400000;829;NaN;2.2;602;23;1123;36;1410;596;23.5;46.7;1.3361
07/07/2004;02.00.00;0.800000;895;NaN;5.1;767;55;931;69;1463;985;25.7;33.9;1.1065
07/07/2004;04.00.00;0.400000;828;NaN;2.6;626;27;1073;45;1362;754;25.5;34.6;1.1096
07/07/2004;05.00.00;0.500000;894;NaN;4.0;709;46;997;53;1432;853;24.0;37.8;1.1077
08/07/2004;02.00.00;0.600000;962;NaN;5.8;803;43;853;60;1507;1066;27.5;34.0;1.2310
08/07/2004;04.00.00;NaN;969;NaN;5.1;769;43;866;60;1485;1063;24.5;40.4;1.2251
09/07/2004;04.00.00;0.400000;876;NaN;2.3;605;29;1144;40;1432;456;27.4;42.2;1.5177
10/07/2004;04.00.00;0.300000;831;NaN;2.6;626;22;1126;33;1406;484;22.4;49.7;1.3333
10/07/2004;05.00.00;0.400000;877;NaN;4.0;711;41;1018;45;1475;580;21.7;52.0;1.3313
10/07/2004;06.00.00;0.500000;872;NaN;4.3;725;53;976;56;1471;668;21.1;53.2;1.3181
10/07/2004;12.00.00;0.800000;855;NaN;6.0;812;53;982;71;1416;508;32.4;20.5;0.9806
10/07/2004;14.00.00;0.600000;821;NaN;5.0;766;48;1071;62;1323;457;33.1;16.8;0.8391
10/07/2004;15.00.00;0.600000;835;NaN;4.4;731;39;1108;54;1323;438;33.1;18.3;0.9081
10/07/2004;16.00.00;0.500000;813;NaN;4.4;732;41;1118;59;1303;427;32.4;18.0;0.8599
10/07/2004;17.00.00;0.700000;833;NaN;5.5;786;48;1064;69;1328;453;31.8;18.7;0.8624
10/07/2004;18.00.00;0.800000;859;NaN;5.8;803;50;1032;67;1363;479;30.3;21.4;0.9064
10/07/2004;19.00.00;0.900000;887;NaN;5.3;778;51;978;58;1387;500;27.2;28.2;1.0013
11/07/2004;02.00.00;0.500000;853;NaN;4.1;716;37;994;51;1423;647;22.0;45.8;1.1965
11/07/2004;04.00.00;0.400000;796;NaN;2.7;636;30;1092;40;1387;576;20.6;50.3;1.2041
11/07/2004;05.00.00;0.300000;796;NaN;2.6;628;29;1136;36;1385;555;20.6;50.6;1.2119
11/07/2004;06.00.00;0.200000;795;NaN;2.3;606;25;1152;35;1369;552;21.3;48.8;1.2189
11/07/2004;07.00.00;0.400000;842;NaN;3.1;656;40;1080;48;1427;620;20.4;52.6;1.2470
11/07/2004;08.00.00;0.300000;850;NaN;3.1;659;32;1077;38;1402;557;23.5;44.0;1.2596
11/07/2004;09.00.00;0.600000;884;NaN;4.0;709;43;1027;54;1442;556;25.7;37.9;1.2334
11/07/2004;10.00.00;0.600000;907;NaN;4.6;741;44;983;57;1486;573;27.9;33.6;1.2433
11/07/2004;11.00.00;0.600000;846;NaN;3.9;703;35;1034;54;1380;514;29.0;28.3;1.1116
11/07/2004;12.00.00;0.500000;827;NaN;3.8;697;32;1070;46;1371;478;29.5;25.9;1.0489
11/07/2004;13.00.00;0.400000;804;NaN;2.8;636;21;1185;36;1321;424;31.8;22.3;1.0366
11/07/2004;14.00.00;0.200000;775;NaN;2.5;619;10;1254;19;1272;386;32.2;20.0;0.9488
11/07/2004;15.00.00;0.400000;802;NaN;3.0;651;22;1206;34;1282;403;32.4;19.3;0.9220
11/07/2004;16.00.00;0.600000;844;NaN;4.7;751;46;1064;63;1327;462;33.0;17.7;0.8758
11/07/2004;18.00.00;0.700000;877;NaN;4.5;736;49;1077;65;1347;463;29.6;24.1;0.9831
12/07/2004;01.00.00;0.800000;903;NaN;5.7;800;50;911;68;1478;751;20.7;46.4;1.1198
12/07/2004;02.00.00;0.200000;779;NaN;2.0;581;13;1204;22;1323;505;21.2;46.2;1.1482
12/07/2004;04.00.00;NaN;780;NaN;1.8;568;24;1200;34;1331;501;19.9;51.3;1.1803
12/07/2004;05.00.00;0.500000;835;NaN;3.3;672;43;1053;43;1423;628;20.0;51.8;1.1967
13/07/2004;02.00.00;0.500000;751;NaN;2.0;587;43;1165;50;1353;678;18.4;53.4;1.1170
13/07/2004;04.00.00;0.600000;754;NaN;2.5;620;44;1102;51;1372;725;16.3;59.8;1.1042
13/07/2004;05.00.00;0.700000;758;NaN;3.3;670;50;1070;42;1365;688;16.6;56.8;1.0629
14/07/2004;04.00.00;0.500000;777;NaN;2.9;645;39;1076;59;1334;781;20.5;42.3;1.0091
15/07/2004;02.00.00;0.600000;831;NaN;3.7;695;30;1033;51;1355;658;23.5;38.3;1.0972
15/07/2004;04.00.00;NaN;797;NaN;2.5;621;23;1105;37;1303;562;21.6;44.0;1.1225
15/07/2004;05.00.00;0.400000;824;NaN;3.1;660;36;1033;46;1342;618;21.4;45.6;1.1493
16/07/2004;01.00.00;1.000000;886;NaN;6.5;834;48;904;67;1440;767;23.8;36.9;1.0748
16/07/2004;02.00.00;0.700000;821;NaN;3.9;706;36;1021;58;1360;674;23.7;37.3;1.0760
16/07/2004;04.00.00;0.400000;771;NaN;2.1;593;30;1155;45;1291;545;21.6;42.2;1.0762
16/07/2004;06.00.00;0.700000;836;NaN;4.7;747;51;961;59;1384;702;20.7;45.9;1.1088
17/07/2004;05.00.00;0.600000;834;NaN;3.6;689;46;988;58;1367;796;21.6;45.0;1.1510
17/07/2004;06.00.00;0.700000;865;NaN;5.0;764;51;917;63;1430;826;21.3;46.5;1.1608
17/07/2004;14.00.00;1.000000;925;NaN;5.2;772;45;1001;60;1308;516;40.3;12.6;0.9302
17/07/2004;15.00.00;1.000000;910;NaN;4.6;743;54;1039;66;1282;500;39.7;13.5;0.9650
18/07/2004;02.00.00;1.100000;971;NaN;5.5;790;46;871;64;1447;875;24.3;38.1;1.1398
18/07/2004;04.00.00;NaN;882;NaN;2.9;648;34;1023;55;1338;666;23.3;39.5;1.1176
18/07/2004;05.00.00;0.600000;900;NaN;3.4;674;33;974;50;1355;679;21.1;45.6;1.1246
18/07/2004;06.00.00;0.700000;935;NaN;4.1;716;50;915;62;1415;877;20.2;48.5;1.1319
18/07/2004;07.00.00;0.400000;939;NaN;4.1;718;39;927;53;1395;826;21.3;45.5;1.1405
18/07/2004;12.00.00;0.400000;930;NaN;4.2;723;43;1035;62;1263;474;37.9;15.0;0.9728
18/07/2004;13.00.00;0.300000;928;NaN;4.1;716;39;1060;57;1252;459;39.4;13.7;0.9639
18/07/2004;14.00.00;0.100000;889;NaN;3.8;698;27;1132;40;1234;437;40.2;12.3;0.8983
18/07/2004;15.00.00;0.500000;966;NaN;5.8;802;46;968;60;1383;607;41.3;11.9;0.9252
18/07/2004;16.00.00;0.400000;973;NaN;5.6;792;53;977;70;1356;620;41.4;11.8;0.9282
18/07/2004;17.00.00;0.300000;950;NaN;4.8;754;38;1003;53;1325;551;40.1;13.6;0.9953
18/07/2004;18.00.00;0.400000;982;NaN;5.3;780;39;974;54;1374;532;37.6;16.4;1.0458
18/07/2004;19.00.00;0.600000;990;NaN;6.1;814;49;929;58;1399;578;33.9;20.3;1.0522
19/07/2004;01.00.00;0.300000;920;NaN;4.3;730;43;944;55;1393;842;26.8;32.3;1.1235
19/07/2004;02.00.00;0.100000;879;NaN;2.8;642;33;1031;51;1343;740;26.6;33.0;1.1338
19/07/2004;04.00.00;0.100000;880;NaN;2.9;649;33;1022;50;1374;739;22.2;42.8;1.1317
20/07/2004;05.00.00;NaN;981;NaN;4.7;747;52;856;69;1493;1090;25.1;44.0;1.3794
21/07/2004;01.00.00;NaN;1057;NaN;7.6;881;53;784;67;1574;1081;27.6;38.2;1.3911
21/07/2004;02.00.00;NaN;1026;NaN;5.8;801;45;816;63;1545;1094;25.8;43.1;1.4113
21/07/2004;04.00.00;NaN;917;NaN;2.7;635;19;1006;34;1421;727;26.3;40.9;1.3803
22/07/2004;02.00.00;1.300000;1044;NaN;6.4;832;50;794;67;1580;1160;26.4;47.1;1.5947
22/07/2004;05.00.00;0.800000;954;NaN;4.1;715;48;867;50;1527;1010;24.9;50.6;1.5755
23/07/2004;02.00.00;0.800000;956;NaN;6.0;813;42;846;59;1544;1094;28.0;39.8;1.4803
23/07/2004;04.00.00;0.500000;912;NaN;3.9;706;34;891;55;1500;1022;25.6;45.8;1.4801
24/07/2004;04.00.00;0.700000;989;NaN;6.3;825;47;774;64;1602;1126;25.1;48.5;1.5266
24/07/2004;13.00.00;1.200000;1058;NaN;6.5;833;47;804;53;1623;626;38.3;27.1;1.7970
24/07/2004;14.00.00;0.800000;960;NaN;3.4;676;34;983;34;1488;488;35.4;32.4;1.8370
24/07/2004;15.00.00;0.900000;972;NaN;3.8;699;37;982;38;1505;495;37.3;28.8;1.8087
24/07/2004;16.00.00;1.100000;1012;NaN;5.2;775;49;899;53;1547;562;36.6;28.2;1.6970
24/07/2004;17.00.00;1.200000;1021;NaN;6.0;814;54;858;62;1545;615;35.1;29.6;1.6452
24/07/2004;21.00.00;0.900000;948;NaN;3.7;697;44;983;53;1475;506;27.2;45.9;1.6316
24/07/2004;22.00.00;1.100000;984;NaN;5.0;762;47;870;57;1557;560;27.3;45.7;1.6308
25/07/2004;01.00.00;0.900000;965;NaN;3.7;692;45;927;52;1549;653;23.8;63.5;1.8495
25/07/2004;02.00.00;0.700000;941;NaN;3.6;687;44;949;52;1530;642;24.7;56.9;1.7390
25/07/2004;04.00.00;NaN;870;NaN;2.0;581;15;1119;26;1463;450;24.1;59.6;1.7657
25/07/2004;05.00.00;0.300000;834;NaN;1.3;527;10;1242;17;1458;427;22.5;69.1;1.8578
25/07/2004;06.00.00;0.400000;859;NaN;1.7;561;19;1162;28;1476;470;23.4;64.4;1.8350
25/07/2004;07.00.00;0.400000;843;NaN;1.5;544;20;1242;29;1442;447;24.4;57.9;1.7476
25/07/2004;08.00.00;0.500000;851;NaN;1.6;551;30;1224;37;1443;463;24.5;56.9;1.7225
25/07/2004;09.00.00;0.500000;853;NaN;1.7;557;24;1215;31;1435;454;24.9;54.8;1.7063
25/07/2004;10.00.00;0.700000;908;NaN;2.7;632;35;1095;46;1494;500;27.0;47.4;1.6661
25/07/2004;11.00.00;0.900000;928;NaN;3.6;687;48;1025;66;1491;528;27.6;43.7;1.5877
25/07/2004;12.00.00;0.800000;905;NaN;3.0;652;41;1076;54;1446;490;28.2;42.6;1.6062
25/07/2004;13.00.00;0.800000;901;NaN;2.9;646;37;1105;50;1446;488;29.1;40.8;1.6203
25/07/2004;14.00.00;0.700000;869;NaN;2.5;619;32;1163;44;1417;475;29.8;38.6;1.5911
25/07/2004;15.00.00;0.800000;891;NaN;3.1;655;43;1107;52;1452;486;31.5;34.5;1.5666
25/07/2004;16.00.00;0.700000;855;NaN;2.3;606;28;1214;37;1403;438;31.2;36.3;1.6217
25/07/2004;17.00.00;0.800000;911;NaN;3.0;654;38;1102;51;1466;477;30.0;41.3;1.7259
26/07/2004;01.00.00;1.200000;945;NaN;4.8;755;50;935;68;1553;663;26.0;48.0;1.5882
26/07/2004;02.00.00;0.800000;880;NaN;2.9;649;30;1056;48;1465;529;26.2;45.7;1.5324
26/07/2004;04.00.00;NaN;822;NaN;1.8;569;14;1204;22;1396;429;25.6;46.8;1.5111
26/07/2004;05.00.00;NaN;860;NaN;2.5;623;51;1097;59;1466;552;25.3;47.6;1.5159
27/07/2004;00.00.00;NaN;912;NaN;6.0;810;52;873;80;1511;861;28.3;35.5;1.3414
27/07/2004;01.00.00;NaN;861;NaN;4.3;729;22;942;40;1479;684;27.1;38.6;1.3632
27/07/2004;02.00.00;NaN;838;NaN;4.1;719;27;949;49;1466;707;25.8;40.9;1.3377
27/07/2004;04.00.00;NaN;800;NaN;2.4;615;29;1064;46;1396;614;24.6;43.4;1.3248
27/07/2004;05.00.00;NaN;825;NaN;2.7;634;29;1035;37;1402;606;25.1;42.3;1.3260
28/07/2004;02.00.00;NaN;794;NaN;3.8;698;53;999;78;1336;767;22.8;34.7;0.9514
28/07/2004;04.00.00;NaN;779;NaN;3.2;663;45;1022;65;1337;671;20.5;41.2;0.9802
29/07/2004;01.00.00;NaN;925;NaN;7.8;890;50;808;72;1480;898;24.7;32.1;0.9878
29/07/2004;02.00.00;NaN;797;NaN;2.6;624;18;1074;33;1276;546;25.7;30.9;1.0048
29/07/2004;04.00.00;NaN;774;NaN;1.9;577;21;1158;33;1265;488;23.9;34.4;1.0079
30/07/2004;02.00.00;NaN;942;NaN;5.6;791;55;841;69;1551;859;23.5;51.3;1.4670
30/07/2004;04.00.00;NaN;867;NaN;3.5;680;35;932;51;1477;777;23.7;51.2;1.4795
30/07/2004;05.00.00;NaN;882;NaN;4.1;716;52;894;52;1494;790;23.0;52.2;1.4516
30/07/2004;06.00.00;NaN;894;NaN;4.9;761;36;862;48;1504;768;23.0;49.9;1.3849
31/07/2004;02.00.00;NaN;935;NaN;5.5;787;43;864;56;1588;728;25.1;51.1;1.6044
31/07/2004;04.00.00;NaN;880;NaN;3.9;704;26;913;37;1529;676;23.8;55.3;1.6068
31/07/2004;05.00.00;0.800000;916;NaN;4.7;748;40;878;49;1559;742;23.7;54.6;1.5823
31/07/2004;15.00.00;0.900000;938;NaN;6.1;816;38;917;65;1418;506;40.0;20.0;1.4517
31/07/2004;16.00.00;1.100000;976;NaN;6.9;852;47;866;77;1467;559;40.4;19.8;1.4724
31/07/2004;17.00.00;1.000000;958;NaN;6.2;820;40;886;68;1452;530;39.1;20.7;1.4270
01/08/2004;02.00.00;0.900000;971;NaN;6.2;821;28;820;40;1637;811;25.1;53.9;1.6890
01/08/2004;04.00.00;0.600000;936;NaN;4.0;713;21;883;26;1584;723;23.5;63.6;1.8223
01/08/2004;05.00.00;0.400000;845;NaN;2.6;625;17;993;21;1513;646;24.3;59.4;1.7838
01/08/2004;06.00.00;0.400000;872;NaN;2.6;627;24;997;30;1530;670;23.3;62.0;1.7547
01/08/2004;07.00.00;0.400000;903;NaN;2.9;648;19;975;21;1559;603;24.1;63.1;1.8619
01/08/2004;08.00.00;0.800000;971;NaN;4.2;722;39;876;35;1624;687;25.0;60.7;1.8920
01/08/2004;09.00.00;0.800000;1006;NaN;5.5;789;46;824;36;1657;733;27.3;52.4;1.8707
01/08/2004;10.00.00;0.900000;1012;NaN;5.8;804;53;832;48;1638;766;32.4;37.3;1.7808
01/08/2004;11.00.00;0.700000;975;NaN;4.5;737;32;896;39;1531;621;35.4;31.3;1.7736
01/08/2004;12.00.00;0.600000;944;NaN;4.3;730;30;933;34;1495;560;37.4;28.2;1.7808
01/08/2004;13.00.00;0.500000;857;NaN;3.5;685;24;1055;33;1331;451;39.2;20.2;1.4104
01/08/2004;14.00.00;0.600000;824;NaN;3.5;683;34;1119;42;1270;393;38.1;18.5;1.2141
02/08/2004;02.00.00;0.700000;942;NaN;3.7;696;45;916;51;1542;465;26.2;61.6;2.0575
02/08/2004;04.00.00;0.200000;854;NaN;1.6;553;2;1203;5;1418;396;25.5;61.8;1.9831
02/08/2004;05.00.00;0.400000;910;NaN;2.7;630;29;1061;35;1504;468;25.1;62.4;1.9602
02/08/2004;06.00.00;0.800000;1005;NaN;5.6;791;42;829;56;1650;638;24.6;62.7;1.9158
03/08/2004;00.00.00;0.100000;1075;NaN;8.1;904;44;720;74;1692;777;26.4;52.2;1.7708
03/08/2004;01.00.00;NaN;1008;NaN;6.6;838;28;774;50;1640;733;26.2;52.3;1.7561
03/08/2004;02.00.00;NaN;895;NaN;3.3;672;19;941;36;1469;703;27.1;47.4;1.6809
03/08/2004;04.00.00;NaN;866;NaN;2.3;603;48;1077;55;1459;589;25.8;50.9;1.6605
06/08/2004;04.00.00;NaN;893;NaN;3.4;676;45;930;55;1567;859;21.4;75.5;1.9033
07/08/2004;02.00.00;0.700000;810;NaN;3.4;674;32;976;45;1530;793;24.4;58.6;1.7714
07/08/2004;04.00.00;0.700000;813;NaN;2.9;645;42;990;49;1530;802;21.9;67.1;1.7414
07/08/2004;05.00.00;0.500000;788;NaN;2.3;604;37;1068;45;1507;754;23.6;61.2;1.7588
07/08/2004;06.00.00;0.600000;815;NaN;3.3;670;44;971;44;1538;774;22.6;63.4;1.7136
07/08/2004;07.00.00;0.900000;868;NaN;5.1;771;51;840;43;1608;860;22.9;62.6;1.7253
07/08/2004;14.00.00;1.000000;836;NaN;4.7;750;43;960;54;1390;484;35.1;25.2;1.4020
07/08/2004;15.00.00;1.000000;858;NaN;5.3;776;43;947;56;1431;498;38.1;21.1;1.3863
07/08/2004;16.00.00;1.000000;886;NaN;5.8;803;51;939;68;1460;538;38.5;21.8;1.4653
07/08/2004;17.00.00;1.200000;974;NaN;6.5;833;46;864;67;1577;565;36.8;29.5;1.8037
07/08/2004;21.00.00;1.300000;954;NaN;6.4;828;51;793;68;1589;631;27.7;47.4;1.7344
08/08/2004;01.00.00;1.100000;918;NaN;5.8;805;43;816;55;1571;759;25.4;55.1;1.7628
08/08/2004;02.00.00;0.800000;868;NaN;4.5;736;32;894;39;1548;638;24.9;57.3;1.7822
08/08/2004;04.00.00;0.600000;813;NaN;2.4;609;22;1017;33;1473;615;23.9;61.2;1.7871
08/08/2004;05.00.00;0.600000;815;NaN;2.4;616;21;1080;29;1532;596;23.8;61.3;1.7881
08/08/2004;06.00.00;0.700000;815;NaN;2.6;627;27;1049;36;1518;650;23.4;61.7;1.7495
08/08/2004;07.00.00;0.600000;835;NaN;2.8;638;31;1024;38;1506;655;24.3;58.4;1.7508
08/08/2004;08.00.00;1.000000;921;NaN;4.5;738;46;901;47;1585;779;25.1;56.6;1.7798
08/08/2004;10.00.00;1.000000;935;NaN;4.2;724;43;936;49;1574;598;29.5;45.9;1.8662
08/08/2004;11.00.00;1.300000;1007;NaN;4.8;751;53;849;64;1649;643;27.6;52.4;1.9055
08/08/2004;13.00.00;0.800000;901;NaN;3.6;689;36;964;45;1543;522;32.2;40.3;1.8999
08/08/2004;14.00.00;0.600000;851;NaN;2.6;627;21;1129;30;1433;419;31.6;38.9;1.7838
08/08/2004;15.00.00;0.700000;877;NaN;3.0;655;27;1061;35;1471;444;33.0;37.3;1.8481
08/08/2004;16.00.00;0.800000;909;NaN;3.6;690;29;1039;37;1488;474;35.1;32.1;1.7841
08/08/2004;17.00.00;0.900000;908;NaN;4.1;715;38;988;46;1479;495;35.0;31.1;1.7173
08/08/2004;18.00.00;1.000000;926;NaN;5.0;763;41;949;54;1491;504;33.8;32.1;1.6596
09/08/2004;00.00.00;1.200000;1001;NaN;6.5;836;49;771;57;1662;821;25.8;60.4;1.9759
09/08/2004;01.00.00;1.100000;967;NaN;6.3;824;40;774;51;1637;862;25.5;61.6;1.9804
09/08/2004;02.00.00;0.800000;901;NaN;4.4;733;27;888;39;1605;755;24.9;63.5;1.9647
09/08/2004;04.00.00;NaN;820;NaN;2.2;598;23;1065;30;1511;684;23.8;65.7;1.9079
09/08/2004;09.00.00;2.400000;1168;NaN;14.7;1138;16;585;5;1946;1336;27.7;52.5;1.9138
09/08/2004;10.00.00;1.400000;1044;NaN;9.8;970;54;715;39;1751;1068;31.8;38.9;1.8005
09/08/2004;11.00.00;1.200000;983;NaN;8.0;897;42;800;39;1608;804;32.7;34.1;1.6592
09/08/2004;13.00.00;1.400000;1019;NaN;7.7;889;54;787;65;1630;745;34.2;31.5;1.6675
09/08/2004;14.00.00;1.200000;982;NaN;6.7;844;52;835;71;1567;638;33.9;32.3;1.6809
10/08/2004;00.00.00;1.000000;1035;NaN;7.0;859;33;732;49;1680;996;27.4;55.0;1.9827
10/08/2004;01.00.00;0.700000;942;NaN;4.9;758;17;824;29;1567;856;28.1;51.6;1.9269
10/08/2004;02.00.00;0.500000;902;NaN;3.5;680;6;919;11;1535;722;26.3;56.5;1.9027
10/08/2004;04.00.00;0.500000;875;NaN;3.2;665;20;919;25;1559;772;24.4;63.6;1.9218
10/08/2004;13.00.00;0.900000;929;NaN;4.8;752;51;955;64;1385;544;38.8;23.7;1.6093
10/08/2004;14.00.00;1.000000;950;NaN;5.4;783;52;914;62;1443;525;38.0;24.0;1.5686
11/08/2004;01.00.00;1.200000;1066;NaN;6.6;839;47;740;49;1700;993;27.2;59.1;2.0997
11/08/2004;02.00.00;0.800000;991;NaN;5.3;778;29;797;36;1665;910;26.7;60.7;2.0977
11/08/2004;04.00.00;0.500000;903;NaN;3.2;662;16;932;24;1590;760;26.4;61.6;2.0931
11/08/2004;05.00.00;0.700000;941;NaN;3.5;685;50;895;32;1632;834;25.9;63.6;2.1020
11/08/2004;13.00.00;1.300000;1056;NaN;5.8;802;52;824;47;1620;670;38.0;30.7;2.0022
11/08/2004;14.00.00;1.000000;995;NaN;5.1;769;48;882;46;1576;615;36.6;30.8;1.8617
11/08/2004;15.00.00;1.000000;967;NaN;4.5;740;50;926;50;1526;557;38.8;25.4;1.7282
12/08/2004;04.00.00;NaN;864;NaN;2.5;617;15;1027;25;1561;622;26.7;61.0;2.1010
12/08/2004;05.00.00;0.700000;931;NaN;4.2;721;47;888;37;1651;799;25.8;64.6;2.1195
12/08/2004;06.00.00;0.700000;921;NaN;4.5;738;39;893;41;1623;818;26.5;60.6;2.0630
12/08/2004;14.00.00;1.000000;949;NaN;5.0;764;44;898;56;1579;573;35.9;32.1;1.8697
12/08/2004;15.00.00;1.000000;941;NaN;5.6;792;44;897;60;1582;544;37.3;28.0;1.7537
12/08/2004;16.00.00;1.100000;942;NaN;5.7;800;52;877;69;1567;581;38.1;26.3;1.7252
12/08/2004;17.00.00;1.300000;974;NaN;7.0;855;53;836;67;1607;610;37.1;27.2;1.6844
12/08/2004;21.00.00;1.300000;1008;NaN;7.5;878;53;792;67;1691;722;29.3;50.2;2.0127
12/08/2004;22.00.00;1.200000;989;NaN;6.0;814;53;845;65;1657;680;28.6;53.7;2.0691
13/08/2004;01.00.00;1.100000;968;NaN;5.6;794;39;836;48;1688;654;27.2;59.3;2.1059
13/08/2004;02.00.00;0.700000;853;NaN;2.6;626;22;1045;33;1557;516;26.7;61.0;2.1005
13/08/2004;04.00.00;0.500000;817;NaN;1.7;558;7;1232;11;1485;452;25.4;63.1;2.0184
13/08/2004;05.00.00;0.500000;840;NaN;2.0;586;25;1154;34;1499;492;26.1;60.3;2.0120
13/08/2004;06.00.00;0.800000;940;NaN;4.0;709;47;956;52;1641;588;25.2;67.1;2.1164
13/08/2004;13.00.00;0.800000;892;NaN;4.2;724;55;971;71;1490;511;36.3;27.4;1.6264
13/08/2004;14.00.00;0.700000;841;NaN;3.3;673;40;1061;56;1394;451;33.6;28.8;1.4695
13/08/2004;15.00.00;0.700000;799;NaN;4.0;709;48;1078;68;1332;462;35.2;20.5;1.1418
13/08/2004;16.00.00;0.700000;838;NaN;4.3;726;46;1056;61;1382;440;35.0;22.4;1.2371
13/08/2004;17.00.00;1.000000;870;NaN;4.6;745;54;998;70;1400;472;34.0;25.2;1.3140
13/08/2004;18.00.00;1.000000;892;NaN;5.1;771;55;965;76;1465;494;32.0;28.2;1.3204
13/08/2004;21.00.00;1.000000;932;NaN;4.7;746;51;912;71;1528;534;26.9;47.5;1.6595
14/08/2004;01.00.00;1.000000;919;NaN;4.5;737;49;899;63;1534;611;25.1;55.7;1.7471
14/08/2004;02.00.00;0.600000;847;NaN;2.5;618;30;1075;42;1442;529;25.1;55.3;1.7330
14/08/2004;04.00.00;0.400000;795;NaN;1.8;569;18;1178;27;1426;497;25.2;55.0;1.7405
14/08/2004;05.00.00;0.400000;809;NaN;1.9;578;22;1170;29;1445;513;25.6;53.5;1.7291
14/08/2004;06.00.00;0.500000;835;NaN;2.6;626;39;1088;41;1471;563;24.7;55.9;1.7114
14/08/2004;09.00.00;0.900000;913;NaN;4.7;749;54;911;58;1535;742;28.0;43.4;1.6162
14/08/2004;10.00.00;0.900000;933;NaN;4.7;748;51;948;52;1551;629;31.6;35.5;1.6269
14/08/2004;11.00.00;1.000000;922;NaN;4.0;712;52;924;57;1494;609;35.0;29.0;1.6017
14/08/2004;12.00.00;0.800000;914;NaN;4.3;726;44;959;51;1496;534;35.3;27.6;1.5512
14/08/2004;13.00.00;0.800000;873;NaN;3.8;699;47;999;53;1413;528;36.2;24.1;1.4235
14/08/2004;14.00.00;0.700000;831;NaN;3.4;676;37;1041;49;1350;463;34.8;24.5;1.3373
14/08/2004;15.00.00;0.700000;840;NaN;3.6;685;33;1051;44;1339;462;38.2;19.6;1.2915
14/08/2004;16.00.00;0.700000;874;NaN;3.6;686;36;1032;48;1402;501;38.9;20.3;1.3820
14/08/2004;17.00.00;0.700000;896;NaN;3.6;687;33;1006;46;1438;493;36.9;27.1;1.6683
14/08/2004;18.00.00;0.900000;964;NaN;5.1;769;40;873;56;1546;572;35.2;32.1;1.7898
14/08/2004;22.00.00;1.000000;935;NaN;5.2;774;43;825;53;1562;687;27.1;48.2;1.7075
14/08/2004;23.00.00;0.900000;939;NaN;4.9;758;40;858;47;1544;664;26.7;49.5;1.7048
15/08/2004;00.00.00;0.700000;878;NaN;3.5;684;26;947;37;1475;588;26.1;50.8;1.6917
15/08/2004;01.00.00;0.500000;848;NaN;3.0;650;24;989;34;1479;610;25.7;52.5;1.7077
15/08/2004;02.00.00;0.500000;826;NaN;2.7;631;24;1028;33;1473;593;24.8;55.4;1.7054
15/08/2004;04.00.00;NaN;789;NaN;2.0;584;18;1107;27;1457;571;22.4;62.2;1.6648
15/08/2004;05.00.00;0.400000;785;NaN;2.4;612;18;1054;27;1443;614;22.5;61.8;1.6654
15/08/2004;06.00.00;0.400000;772;NaN;2.0;584;19;1149;27;1414;566;22.7;59.2;1.6139
15/08/2004;07.00.00;0.500000;796;NaN;2.5;623;22;1064;28;1425;594;23.0;58.4;1.6223
15/08/2004;08.00.00;0.700000;875;NaN;3.5;682;34;983;36;1457;611;23.9;56.3;1.6489
15/08/2004;10.00.00;1.000000;938;NaN;5.3;778;46;896;56;1520;700;32.1;34.0;1.6039
15/08/2004;12.00.00;1.100000;875;NaN;4.8;753;31;978;36;1402;579;38.3;19.8;1.3067
15/08/2004;13.00.00;0.600000;810;NaN;3.2;664;11;1123;17;1312;478;37.3;20.5;1.2860
15/08/2004;14.00.00;0.400000;746;NaN;2.6;624;8;1227;14;1209;410;36.3;18.4;1.0976
15/08/2004;15.00.00;0.400000;738;NaN;2.4;610;14;1281;24;1204;404;36.8;16.9;1.0347
15/08/2004;16.00.00;0.500000;771;NaN;3.0;652;21;1223;36;1239;440;37.9;15.9;1.0296
15/08/2004;17.00.00;0.600000;799;NaN;3.1;658;26;1216;43;1254;461;36.7;17.1;1.0398
15/08/2004;18.00.00;0.800000;831;NaN;3.4;679;37;1143;60;1291;526;33.8;21.9;1.1303
15/08/2004;19.00.00;1.000000;885;NaN;4.6;743;53;1016;81;1379;647;32.6;24.6;1.1885
15/08/2004;21.00.00;1.100000;906;NaN;5.5;790;51;936;85;1430;729;29.4;30.5;1.2288
15/08/2004;23.00.00;0.900000;892;NaN;5.0;766;38;880;55;1399;797;28.3;34.1;1.2951
16/08/2004;00.00.00;0.700000;841;NaN;4.0;711;25;956;42;1367;685;27.8;35.2;1.2968
16/08/2004;01.00.00;0.700000;859;NaN;3.7;693;24;988;43;1377;710;25.3;39.7;1.2656
16/08/2004;02.00.00;0.500000;810;NaN;3.1;657;11;1016;20;1337;629;24.5;41.5;1.2589
16/08/2004;04.00.00;0.300000;749;NaN;1.5;543;16;1238;23;1244;462;23.3;41.9;1.1856
16/08/2004;05.00.00;0.400000;766;NaN;2.4;616;43;1163;43;1306;530;21.5;45.6;1.1558
16/08/2004;13.00.00;0.900000;836;NaN;4.6;741;53;1065;60;1277;479;38.6;14.6;0.9821
16/08/2004;15.00.00;0.800000;825;NaN;3.8;702;53;1077;57;1267;458;38.4;16.4;1.0957
17/08/2004;00.00.00;0.900000;959;NaN;5.5;787;45;830;54;1460;821;26.5;40.7;1.3873
17/08/2004;01.00.00;0.600000;877;NaN;3.1;658;25;964;37;1349;663;28.3;36.7;1.3878
17/08/2004;02.00.00;0.500000;867;NaN;2.9;645;23;1001;36;1385;656;25.7;43.8;1.4233
17/08/2004;04.00.00;0.400000;820;NaN;2.2;597;18;1069;29;1346;603;24.3;48.3;1.4449
17/08/2004;05.00.00;0.400000;828;NaN;2.5;618;23;1039;25;1354;560;23.6;49.2;1.4153
19/08/2004;01.00.00;0.900000;936;NaN;4.4;730;48;864;38;1551;726;27.7;52.6;1.9202
19/08/2004;02.00.00;0.600000;863;NaN;2.3;608;41;1035;30;1465;597;28.3;49.5;1.8782
19/08/2004;04.00.00;0.500000;841;NaN;1.9;578;11;1144;16;1464;463;27.7;52.5;1.9230
19/08/2004;05.00.00;0.500000;871;NaN;2.4;611;11;1077;12;1494;526;27.5;53.0;1.9097
19/08/2004;06.00.00;0.800000;962;NaN;4.7;747;37;862;38;1605;712;27.1;54.4;1.9168
19/08/2004;08.00.00;1.200000;1061;NaN;7.8;891;53;721;57;1697;894;29.0;48.5;1.9133
19/08/2004;09.00.00;1.000000;1012;NaN;6.3;824;31;803;39;1612;710;31.0;42.9;1.8909
19/08/2004;10.00.00;1.200000;1031;NaN;6.5;834;47;793;47;1640;737;32.5;39.4;1.8982
19/08/2004;11.00.00;1.100000;1011;NaN;6.1;816;33;830;35;1614;680;36.9;30.9;1.8934
19/08/2004;12.00.00;1.200000;1009;NaN;6.3;824;35;822;44;1606;670;36.2;30.6;1.8105
19/08/2004;13.00.00;1.100000;980;NaN;5.6;793;32;858;43;1549;654;37.7;27.7;1.7780
19/08/2004;14.00.00;1.000000;961;NaN;5.8;803;23;852;34;1552;618;37.1;27.2;1.6874
19/08/2004;15.00.00;1.000000;966;NaN;5.4;784;27;870;36;1530;652;39.5;24.3;1.7216
19/08/2004;16.00.00;1.200000;1022;NaN;6.8;849;32;813;44;1583;732;39.9;23.8;1.7127
19/08/2004;17.00.00;1.700000;1091;NaN;9.3;953;51;723;63;1688;853;39.6;24.3;1.7255
19/08/2004;18.00.00;1.700000;1063;NaN;8.5;919;46;735;60;1676;821;37.2;29.1;1.8185
23/08/2004;13.00.00;1.000000;860;NaN;4.7;748;39;955;50;1344;532;34.3;22.5;1.1974
23/08/2004;14.00.00;0.900000;843;NaN;4.1;716;41;1005;53;1305;496;33.4;21.6;1.0927
23/08/2004;15.00.00;1.000000;872;NaN;4.9;760;47;979;57;1314;513;36.1;18.4;1.0827
23/08/2004;16.00.00;1.100000;857;NaN;5.2;775;45;979;55;1258;512;37.3;15.4;0.9692
23/08/2004;18.00.00;1.500000;951;NaN;7.4;875;51;856;68;1406;600;34.9;20.9;1.1463
23/08/2004;19.00.00;1.600000;962;NaN;7.8;891;53;813;73;1442;634;30.8;26.5;1.1603
23/08/2004;22.00.00;1.200000;895;NaN;6.8;846;41;819;60;1371;787;26.6;30.6;1.0459
23/08/2004;23.00.00;1.100000;902;NaN;5.7;797;32;845;49;1355;841;26.0;33.1;1.0955
24/08/2004;00.00.00;1.100000;904;NaN;5.8;801;44;852;53;1400;862;24.1;37.9;1.1204
24/08/2004;01.00.00;1.200000;919;NaN;5.7;799;29;844;50;1409;881;22.2;43.1;1.1396
24/08/2004;02.00.00;0.700000;812;NaN;3.2;663;18;982;34;1265;709;22.8;41.3;1.1284
24/08/2004;04.00.00;0.400000;762;NaN;1.7;563;12;1181;21;1208;492;21.7;42.6;1.0907
24/08/2004;05.00.00;0.700000;786;NaN;2.8;642;39;1057;48;1270;592;20.2;47.1;1.1021
25/08/2004;04.00.00;0.600000;884;NaN;3.6;686;26;908;40;1439;651;22.9;56.1;1.5492
25/08/2004;05.00.00;0.700000;913;NaN;4.4;730;47;883;50;1493;774;23.3;55.5;1.5636
25/08/2004;18.00.00;1.300000;965;NaN;5.8;802;51;821;54;1504;564;32.5;34.1;1.6453
25/08/2004;19.00.00;1.400000;987;NaN;6.3;824;49;793;53;1541;581;29.1;42.1;1.6695
26/08/2004;01.00.00;0.900000;882;NaN;5.0;763;38;879;55;1388;656;23.3;45.3;1.2794
26/08/2004;02.00.00;0.600000;805;NaN;2.8;637;24;1048;35;1276;520;24.1;44.0;1.3034
26/08/2004;04.00.00;NaN;779;NaN;1.7;560;19;1189;31;1231;487;23.0;47.7;1.3232
26/08/2004;05.00.00;0.500000;842;NaN;2.8;640;40;1070;45;1293;595;23.7;46.7;1.3501
26/08/2004;14.00.00;0.900000;NaN;NaN;NaN;NaN;48;NaN;52;NaN;NaN;NaN;NaN;NaN
26/08/2004;23.00.00;0.700000;NaN;NaN;NaN;NaN;36;NaN;49;NaN;NaN;NaN;NaN;NaN
27/08/2004;04.00.00;0.600000;NaN;NaN;NaN;NaN;46;NaN;58;NaN;NaN;NaN;NaN;NaN
28/08/2004;00.00.00;0.800000;NaN;NaN;NaN;NaN;50;NaN;69;NaN;NaN;NaN;NaN;NaN
28/08/2004;01.00.00;0.700000;NaN;NaN;NaN;NaN;41;NaN;58;NaN;NaN;NaN;NaN;NaN
28/08/2004;02.00.00;0.600000;NaN;NaN;NaN;NaN;36;NaN;49;NaN;NaN;NaN;NaN;NaN
28/08/2004;04.00.00;0.600000;792;NaN;2.5;621;40;1015;56;1322;714;20.0;59.3;1.3681
28/08/2004;05.00.00;0.400000;749;NaN;1.7;559;25;1145;33;1255;584;22.5;48.6;1.3077
28/08/2004;06.00.00;0.500000;803;NaN;3.4;676;38;975;39;1303;676;19.5;57.0;1.2739
28/08/2004;07.00.00;0.700000;818;NaN;4.3;726;38;921;43;1330;685;19.6;56.1;1.2651
28/08/2004;12.00.00;1.200000;958;NaN;7.2;867;30;828;37;1468;660;34.3;24.5;1.3021
28/08/2004;13.00.00;1.100000;903;NaN;5.8;805;49;886;64;1361;581;33.4;22.5;1.1398
10/09/2004;04.00.00;0.400000;866;NaN;2.9;644;49;1162;41;1218;629;24.5;38.5;1.1688
17/09/2004;02.00.00;0.500000;796;NaN;3.2;667;55;1162;40;1295;558;20.6;56.6;1.3583
17/09/2004;04.00.00;0.300000;752;NaN;1.2;521;32;1451;23;1247;471;19.7;61.9;1.4017
17/09/2004;05.00.00;0.300000;755;NaN;1.3;528;35;1472;24;1234;471;19.6;59.1;1.3346
19/09/2004;05.00.00;0.500000;773;NaN;2.3;609;46;1169;35;1256;590;19.3;57.0;1.2603
20/09/2004;02.00.00;0.700000;851;NaN;3.0;655;52;1051;43;1301;625;21.4;57.6;1.4469
21/09/2004;02.00.00;0.600000;843;NaN;3.1;656;55;1042;50;1271;665;22.1;49.8;1.3094
21/09/2004;04.00.00;0.400000;814;NaN;2.1;589;42;1119;36;1246;565;20.8;55.9;1.3581
22/09/2004;02.00.00;0.600000;812;NaN;2.4;613;54;1133;47;1302;626;23.0;54.0;1.5010
23/09/2004;04.00.00;NaN;824;NaN;2.2;602;54;1138;44;1337;593;21.1;63.8;1.5817
24/09/2004;23.00.00;1.200000;839;NaN;3.8;701;55;1128;22;1156;553;15.5;50.9;0.8880
25/09/2004;00.00.00;1.200000;835;NaN;3.9;705;19;1117;2;1161;592;15.6;50.0;0.8773
25/09/2004;01.00.00;1.100000;837;NaN;3.7;693;26;1096;7;1178;584;15.4;53.6;0.9326
25/09/2004;02.00.00;0.600000;761;NaN;1.7;563;26;1316;8;1106;451;15.4;53.9;0.9334
25/09/2004;04.00.00;0.300000;724;NaN;1.0;495;42;1531;27;1071;391;15.3;53.1;0.9181
25/09/2004;05.00.00;0.300000;718;NaN;0.9;486;32;1531;14;1072;398;15.4;53.7;0.9295
25/09/2004;06.00.00;0.400000;744;NaN;1.3;525;25;1434;3;1097;430;15.5;53.3;0.9308
25/09/2004;07.00.00;0.600000;782;NaN;2.1;591;28;1287;9;1130;461;15.4;52.7;0.9178
25/09/2004;08.00.00;0.700000;798;NaN;2.5;619;41;1204;14;1138;500;15.7;51.1;0.9056
25/09/2004;12.00.00;1.400000;857;NaN;6.0;813;51;1040;14;1183;622;19.3;34.8;0.7710
25/09/2004;13.00.00;1.400000;837;NaN;6.0;812;31;1065;9;1171;624;19.8;31.2;0.7127
25/09/2004;14.00.00;1.000000;805;NaN;4.5;740;41;1161;12;1117;565;19.8;31.1;0.7104
25/09/2004;15.00.00;0.900000;781;NaN;3.9;705;41;1203;14;1068;514;20.2;28.6;0.6717
25/09/2004;16.00.00;1.100000;815;NaN;4.6;743;54;1183;21;1095;536;22.1;24.8;0.6514
10/10/2004;04.00.00;NaN;941;NaN;3.6;686;50;942;38;1406;549;22.8;64.0;1.7507
11/10/2004;02.00.00;0.500000;825;NaN;1.4;536;39;1203;32;1302;498;19.4;70.4;1.5663
11/10/2004;04.00.00;0.400000;847;NaN;1.9;576;33;1139;29;1321;507;17.9;77.7;1.5795
31/10/2004;05.00.00;0.500000;817;NaN;2.1;588;55;1134;37;1310;589;18.9;71.3;1.5449
31/10/2004;06.00.00;0.400000;791;NaN;1.2;519;43;1291;31;1295;540;18.1;79.0;1.6224
31/10/2004;07.00.00;0.400000;819;NaN;1.4;537;46;1264;30;1315;551;20.4;71.2;1.6834
07/11/2004;06.00.00;0.400000;757;NaN;1.5;542;44;1339;31;1004;449;15.5;51.5;0.9026
07/11/2004;07.00.00;0.400000;752;NaN;1.2;516;53;1370;35;997;440;15.1;52.0;0.8878
07/11/2004;14.00.00;0.900000;812;NaN;3.9;704;55;1055;26;1044;520;17.5;33.7;0.6691
08/11/2004;04.00.00;0.200000;689;NaN;0.3;407;13;1757;13;895;333;11.3;49.5;0.6615
08/11/2004;05.00.00;0.200000;698;NaN;0.4;424;20;1665;18;903;339;10.8;50.9;0.6570
08/11/2004;06.00.00;0.300000;720;NaN;0.6;458;33;1536;26;917;358;10.9;50.1;0.6519
10/11/2004;04.00.00;0.200000;715;NaN;0.5;445;32;1601;29;925;373;8.0;64.5;0.6950
10/11/2004;05.00.00;0.200000;726;NaN;0.5;443;29;1663;26;942;363;8.1;68.6;0.7409
10/11/2004;06.00.00;0.300000;771;NaN;0.9;490;48;1419;39;990;411;6.3;84.8;0.8148
12/11/2004;04.00.00;NaN;812;NaN;1.6;549;55;1213;43;1079;531;13.8;64.0;1.0042
14/11/2004;04.00.00;0.300000;689;NaN;0.7;470;36;1643;26;863;305;9.8;51.3;0.6225
14/11/2004;05.00.00;0.300000;678;NaN;0.4;427;24;1771;20;853;286;9.5;52.2;0.6198
14/11/2004;06.00.00;0.200000;655;NaN;0.2;402;20;2077;17;814;268;10.0;45.7;0.5598
14/11/2004;07.00.00;0.200000;649;NaN;0.2;397;25;2062;21;798;261;10.2;41.9;0.5209
14/11/2004;08.00.00;0.300000;647;NaN;0.3;412;39;1964;29;779;274;10.6;36.1;0.4624
15/11/2004;02.00.00;0.300000;679;NaN;0.6;449;42;1666;31;800;314;10.7;36.1;0.4639
15/11/2004;04.00.00;NaN;681;NaN;0.4;428;24;1768;21;817;297;10.7;39.2;0.5045
15/11/2004;05.00.00;0.300000;683;NaN;0.4;426;28;1775;22;805;302;10.4;38.6;0.4862
15/11/2004;06.00.00;0.400000;704;NaN;0.8;478;55;1498;41;821;348;10.4;37.4;0.4717
16/11/2004;04.00.00;0.400000;732;NaN;0.7;472;37;1461;32;866;391;11.1;40.8;0.5395
16/11/2004;05.00.00;0.500000;737;NaN;0.7;468;50;1481;40;869;395;10.7;41.8;0.5360
19/11/2004;04.00.00;1.100000;888;NaN;2.1;590;51;1009;41;1152;625;14.7;64.4;1.0704
19/11/2004;05.00.00;0.900000;863;NaN;1.3;531;45;1097;36;1095;606;14.7;59.8;0.9968
30/11/2004;04.00.00;0.600000;878;NaN;1.2;518;50;1294;42;1149;539;13.8;81.3;1.2767
30/11/2004;05.00.00;0.600000;840;NaN;1.4;534;47;1268;38;1109;483;13.6;75.5;1.1720
09/12/2004;04.00.00;0.400000;803;NaN;0.7;466;33;1451;30;1034;449;14.8;65.5;1.0965
09/12/2004;05.00.00;0.400000;818;NaN;0.7;463;33;1509;29;1046;437;14.4;68.5;1.1158
10/12/2004;04.00.00;NaN;721;NaN;0.7;470;42;2331;35;815;367;13.2;35.6;0.5375
10/12/2004;05.00.00;0.300000;709;NaN;0.5;437;31;2559;27;787;324;12.0;37.3;0.5239
10/12/2004;06.00.00;0.400000;734;NaN;0.8;478;51;2294;39;805;378;11.7;38.1;0.5223
20/12/2004;05.00.00;0.600000;784;NaN;0.8;479;41;1365;37;905;477;8.8;62.9;0.7154
20/12/2004;06.00.00;0.600000;779;NaN;0.7;466;46;1393;39;881;454;8.6;58.8;0.6603
21/12/2004;04.00.00;0.200000;697;NaN;0.5;437;44;1705;39;702;325;5.3;38.8;0.3473
21/12/2004;05.00.00;0.300000;716;NaN;0.7;473;54;1595;41;734;343;4.7;41.4;0.3576
26/12/2004;05.00.00;0.400000;855;NaN;0.8;479;49;1319;46;1068;450;10.7;81.5;1.0497
26/12/2004;06.00.00;0.300000;848;NaN;0.7;464;54;1425;46;1062;438;10.9;80.3;1.0444
27/12/2004;05.00.00;0.400000;826;NaN;0.7;465;50;1322;46;978;433;11.9;61.1;0.8527
09/01/2005;05.00.00;0.600000;919;NaN;1.8;571;54;1017;44;1082;521;13.5;63.8;0.9801
09/01/2005;07.00.00;0.500000;919;NaN;1.6;552;55;1063;46;1080;522;13.2;64.2;0.9664
19/01/2005;05.00.00;NaN;830;NaN;0.9;492;53;1263;52;948;578;4.7;78.9;0.6820
20/01/2005;04.00.00;0.600000;810;NaN;0.7;470;41;1315;40;863;412;7.8;54.2;0.5755
20/01/2005;05.00.00;0.600000;822;NaN;0.9;493;50;1278;45;876;453;7.1;56.0;0.5690
24/01/2005;04.00.00;NaN;831;NaN;1.0;498;50;1237;48;855;443;5.8;59.5;0.5519
24/01/2005;05.00.00;0.300000;791;NaN;0.6;459;43;1421;40;809;390;6.6;51.3;0.5026
25/01/2005;01.00.00;NaN;757;NaN;0.6;459;49;1447;44;735;337;5.7;41.5;0.3836
25/01/2005;02.00.00;NaN;751;NaN;0.4;424;29;1583;29;726;303;5.5;42.4;0.3867
25/01/2005;04.00.00;NaN;759;NaN;0.2;399;19;1696;19;749;288;4.3;51.6;0.4323
25/01/2005;05.00.00;NaN;758;NaN;0.2;388;20;1785;20;765;274;3.7;56.3;0.4530
25/01/2005;06.00.00;NaN;761;NaN;0.1;383;39;1745;35;787;289;3.3;58.1;0.4559
26/01/2005;01.00.00;NaN;788;NaN;0.9;487;55;1346;49;769;329;4.0;47.8;0.3939
26/01/2005;02.00.00;NaN;763;NaN;0.4;428;31;1532;30;757;296;3.9;50.9;0.4144
26/01/2005;04.00.00;NaN;747;NaN;0.2;390;20;1775;20;738;266;3.3;52.8;0.4137
26/01/2005;05.00.00;NaN;744;NaN;0.1;383;17;1881;17;720;253;2.7;53.9;0.4062
26/01/2005;06.00.00;NaN;774;NaN;0.5;441;42;1646;35;760;282;2.8;54.4;0.4110
27/01/2005;04.00.00;NaN;769;NaN;0.3;412;28;1481;28;727;326;4.4;42.2;0.3571
27/01/2005;05.00.00;0.400000;778;NaN;0.3;417;27;1531;26;745;312;4.1;45.9;0.3804
29/01/2005;04.00.00;0.500000;776;NaN;0.5;445;37;1460;34;737;330;1.4;53.8;0.3687
29/01/2005;05.00.00;0.500000;766;NaN;0.5;448;33;1494;31;734;321;1.0;54.7;0.3657
29/01/2005;06.00.00;0.400000;774;NaN;0.6;458;43;1473;37;735;334;1.4;52.3;0.3591
30/01/2005;05.00.00;0.600000;806;NaN;0.6;459;55;1322;50;728;368;3.1;44.4;0.3420
30/01/2005;06.00.00;0.500000;801;NaN;0.6;454;51;1374;44;727;348;3.0;43.4;0.3337
30/01/2005;07.00.00;0.400000;790;NaN;0.4;431;53;1439;49;722;354;2.8;43.8;0.3308
31/01/2005;04.00.00;0.400000;791;NaN;0.4;435;39;1486;37;668;292;3.7;37.7;0.3024
31/01/2005;05.00.00;0.400000;787;NaN;0.3;415;39;1474;37;667;293;3.4;38.9;0.3075
31/01/2005;06.00.00;0.400000;814;NaN;0.6;449;54;1363;50;674;328;3.7;37.5;0.3012
08/02/2005;02.00.00;0.500000;852;NaN;0.8;479;51;1275;49;761;375;7.1;40.5;0.4090
08/02/2005;04.00.00;0.500000;878;NaN;1.0;496;54;1182;54;782;451;6.0;42.9;0.4040
14/02/2005;05.00.00;0.400000;902;NaN;1.5;548;54;1063;49;1024;617;7.7;68.9;0.7280
15/02/2005;04.00.00;NaN;802;NaN;0.5;440;31;1413;30;738;312;6.9;39.1;0.3901
15/02/2005;05.00.00;0.300000;805;NaN;0.5;437;28;1491;28;738;296;6.9;39.8;0.3966
17/02/2005;05.00.00;0.500000;883;NaN;1.0;496;49;1140;46;804;478;6.9;45.0;0.4499
18/02/2005;04.00.00;NaN;874;NaN;0.7;472;49;1179;45;803;382;6.4;49.8;0.4814
18/02/2005;05.00.00;0.400000;872;NaN;0.8;476;36;1249;35;794;350;6.9;48.1;0.4796
20/02/2005;06.00.00;0.500000;918;NaN;1.0;501;42;1148;40;881;420;8.0;54.7;0.5883
21/02/2005;04.00.00;NaN;879;NaN;0.5;447;38;1317;36;910;348;4.0;81.5;0.6712
21/02/2005;05.00.00;0.500000;907;NaN;1.0;502;50;1129;49;947;399;3.9;81.5;0.6653
22/02/2005;04.00.00;0.400000;851;NaN;0.5;440;46;1349;46;918;377;3.4;85.4;0.6736
28/02/2005;04.00.00;0.300000;781;NaN;0.4;425;29;1609;28;667;261;3.8;48.0;0.3879
28/02/2005;05.00.00;0.300000;781;NaN;0.3;409;25;1664;25;669;252;3.6;50.3;0.4022
28/02/2005;06.00.00;0.300000;779;NaN;0.2;402;34;1665;31;684;257;2.8;52.6;0.3972
01/03/2005;02.00.00;0.400000;736;NaN;0.6;453;39;1498;37;602;268;0.2;40.6;0.2566
01/03/2005;04.00.00;0.200000;716;NaN;0.2;390;29;1804;27;551;221;-0.1;37.5;0.2326
01/03/2005;05.00.00;0.200000;731;NaN;0.3;408;32;1727;30;561;225;-0.3;38.4;0.2347
01/03/2005;06.00.00;0.200000;735;NaN;0.3;407;37;1677;33;579;232;-0.6;40.1;0.2404
06/03/2005;05.00.00;0.600000;859;NaN;0.8;479;51;1285;48;822;313;5.8;65.0;0.6029
06/03/2005;06.00.00;0.500000;842;NaN;0.6;454;33;1433;32;788;292;5.8;59.4;0.5502
07/03/2005;04.00.00;0.400000;843;NaN;0.5;443;35;1490;34;730;262;5.2;57.2;0.5094
07/03/2005;05.00.00;0.400000;872;NaN;0.6;460;47;1359;45;755;288;4.5;63.1;0.5381
13/03/2005;06.00.00;NaN;887;NaN;0.9;488;55;1184;42;908;312;13.3;50.1;0.7624
01/04/2005;01.00.00;0.600000;818;NaN;1.0;497;53;1198;50;885;347;14.6;43.0;0.7108
01/04/2005;02.00.00;0.500000;848;NaN;1.1;509;36;1126;35;882;341;14.5;43.7;0.7163
01/04/2005;03.00.00;0.500000;826;NaN;0.9;488;30;1187;29;895;322;13.6;46.7;0.7245
01/04/2005;04.00.00;NaN;818;NaN;0.8;473;47;1257;41;898;323;13.7;48.8;0.7606
04/04/2005;04.00.00;NaN;864;NaN;0.8;478;52;1116;43;958;489;11.8;56.0;0.7743
